Longitude,Latitude,YearDay
-117.878,47.32,2012245
-117.916,47.356,2012245
-119.781,47.27,2012245
-119.798,47.278,2012245
-120.463,46.448,2012245
-123.203,46.492,2012245
-123.207,46.502,2012245
-123.217,46.49,2012245
-123.221,46.5,2012245
-123.231,46.488,2012245
-117,45.936,2012246
-117.016,45.944,2012246
-117.553,47.386,2012246
-122.658,45.611,2012246
-122.675,45.618,2012246
-122.689,45.616,2012246
-122.963,45.52,2012246
-118.954,46.394,2012247
-118.885,45.847,2012247
-118.896,45.835,2012247
-118.899,45.845,2012247
-120.561,46.435,2012247
-117.001,47.375,2012248
-117.028,47.362,2012248
-117.036,47.331,2012248
-117.04,47.351,2012248
-117.05,47.329,2012248
-118.116,46.132,2012248
-118.118,46.142,2012248
-118.154,46.107,2012248
-118.165,46.096,2012248
-118.177,46.084,2012248
-118.189,46.073,2012248
-118.212,46.05,2012248
-118.252,46.035,2012248
-118.257,46.055,2012248
-118.264,46.024,2012248
-120.477,47.106,2012248
-120.97,48.388,2012248
-122.432,47.024,2012248
-122.44,47.002,2012248
-122.457,47.01,2012248
-122.46,47.02,2012248
-122.471,47.008,2012248
-122.478,47.027,2012248
-122.623,47.015,2012248
-117.016,47.243,2012249
-117.378,46.77,2012249
-120.994,48.365,2012249
-121.491,45.782,2012249
-122.474,47.017,2012249
-122.601,47.038,2012249
-121.491,45.782,2012250
-121.502,45.77,2012250
-121.505,45.78,2012250
-121.523,45.838,2012250
-121.526,45.848,2012250
-121.513,45.758,2012250
-121.516,45.768,2012250
-121.534,45.826,2012250
-121.54,45.846,2012250
-121.554,45.844,2012250
-121.562,45.822,2012250
-117.036,47.462,2012250
-117.024,47.342,2012250
-117.002,47.184,2012250
-118.107,46.153,2012250
-118.156,46.117,2012250
-118.122,45.859,2012250
-118.226,46.109,2012250
-118.726,45.563,2012250
-119.75,45.836,2012250
-120.243,47.067,2012250
-120.255,47.055,2012250
-120.257,47.065,2012250
-120.26,47.075,2012250
-120.269,47.053,2012250
-120.272,47.063,2012250
-120.275,47.073,2012250
-120.283,47.051,2012250
-120.286,47.061,2012250
-120.297,47.049,2012250
-120.973,48.347,2012250
-120.976,48.357,2012250
-121.454,45.757,2012250
-121.465,45.745,2012250
-121.468,45.755,2012250
-121.471,45.765,2012250
-121.474,45.774,2012250
-121.477,45.784,2012250
-121.482,45.753,2012250
-121.485,45.763,2012250
-121.488,45.772,2012250
-121.496,45.751,2012250
-121.499,45.76,2012250
-124.398,47.973,2012250
-119.255,46.427,2012251
-117.333,46.513,2012251
-117.355,45.534,2012251
-120.141,46.351,2012251
-121.499,45.76,2012251
-121.51,45.749,2012251
-121.524,45.747,2012251
-118.236,48.388,2012252
-120.081,46.602,2012252
-120.205,46.727,2012252
-121.502,45.77,2012252
-121.505,45.78,2012252
-121.519,45.778,2012252
-122.36,47.576,2012252
-121.949,45.804,2012252
-121.963,45.802,2012252
-121.369,47.773,2012253
-118.811,48.049,2012253
-118.713,47.505,2012253
-119.063,47.978,2012253
-119.099,47.943,2012253
-119.111,47.931,2012253
-119.408,48.026,2012253
-119.477,47.785,2012253
-119.514,47.81,2012253
-120.047,48.096,2012253
-120.059,48.085,2012253
-120.198,48.198,2012253
-120.226,47.779,2012253
-120.229,47.738,2012253
-120.27,47.773,2012253
-120.225,47.465,2012253
-120.083,46.713,2012253
-120.061,46.584,2012253
-120.08,46.653,2012253
-120.086,46.622,2012253
-120.38,47.434,2012253
-120.583,48.116,2012253
-120.386,47.402,2012253
-120.568,48.017,2012253
-120.46,47.402,2012253
-120.495,47.317,2012253
-120.555,47.471,2012253
-120.544,47.381,2012253
-120.674,47.718,2012253
-120.694,47.533,2012253
-120.994,48.365,2012253
-120.792,47.215,2012253
-120.741,46.348,2012253
-120.93,46.982,2012253
-121.067,46.698,2012253
-121.529,46.143,2012253
-121.545,46.099,2012253
-121.576,46.105,2012253
-121.582,46.124,2012253
-118.629,47.586,2012254
-118.658,47.582,2012254
-118.661,47.592,2012254
-118.704,47.587,2012254
-119.017,47.973,2012254
-119.025,48.003,2012254
-119.024,47.942,2012254
-119.046,47.97,2012254
-119.289,48.031,2012254
-119.334,48.086,2012254
-118.726,45.735,2012254
-118.744,45.804,2012254
-119.333,48.025,2012254
-119.35,48.033,2012254
-119.364,48.032,2012254
-119.381,48.09,2012254
-119.411,48.036,2012254
-120.244,47.787,2012254
-120.275,47.793,2012254
-120.403,47.41,2012254
-120.472,47.391,2012254
-121.509,46.125,2012254
-121.537,46.121,2012254
-118.532,47.496,2012254
-118.549,47.565,2012254
-118.552,47.575,2012254
-118.554,47.584,2012254
-118.557,47.594,2012254
-118.566,47.573,2012254
-118.569,47.583,2012254
-118.571,47.592,2012254
-118.576,47.552,2012254
-118.578,47.561,2012254
-118.581,47.571,2012254
-118.583,47.581,2012254
-118.586,47.591,2012254
-118.583,47.52,2012254
-118.588,47.54,2012254
-118.59,47.55,2012254
-118.593,47.56,2012254
-118.595,47.569,2012254
-118.598,47.579,2012254
-118.6,47.589,2012254
-118.602,47.538,2012254
-118.605,47.548,2012254
-118.607,47.558,2012254
-118.612,47.577,2012254
-118.615,47.587,2012254
-118.617,47.537,2012254
-118.619,47.546,2012254
-118.624,47.566,2012254
-118.627,47.576,2012254
-118.626,47.515,2012254
-118.631,47.535,2012254
-118.634,47.545,2012254
-118.636,47.554,2012254
-118.641,47.574,2012254
-118.644,47.584,2012254
-118.648,47.543,2012254
-118.656,47.572,2012254
-118.66,47.531,2012254
-118.663,47.541,2012254
-118.668,47.561,2012254
-118.67,47.571,2012254
-118.674,47.53,2012254
-118.677,47.539,2012254
-118.68,47.549,2012254
-118.682,47.559,2012254
-118.684,47.508,2012254
-118.692,47.538,2012254
-118.694,47.547,2012254
-118.698,47.507,2012254
-118.701,47.516,2012254
-118.703,47.526,2012254
-118.706,47.536,2012254
-118.927,48.368,2012254
-118.93,48.378,2012254
-118.715,47.515,2012254
-118.718,47.524,2012254
-118.72,47.534,2012254
-118.723,47.544,2012254
-118.945,48.376,2012254
-118.73,47.513,2012254
-118.732,47.523,2012254
-118.744,47.511,2012254
-118.932,47.882,2012254
-118.961,47.99,2012254
-118.997,47.955,2012254
-119.014,47.964,2012254
-119.044,47.96,2012254
-119.051,47.989,2012254
-119.057,48.009,2012254
-119.102,48.064,2012254
-119.127,48.101,2012254
-119.123,48.031,2012254
-119.134,48.07,2012254
-119.147,48.119,2012254
-119.116,47.951,2012254
-119.138,48.029,2012254
-119.146,48.059,2012254
-119.151,48.078,2012254
-119.128,47.939,2012254
-119.131,47.949,2012254
-119.15,48.018,2012254
-119.152,48.028,2012254
-119.155,48.037,2012254
-119.158,48.047,2012254
-119.16,48.057,2012254
-119.163,48.067,2012254
-119.166,48.076,2012254
-119.145,47.947,2012254
-119.164,48.016,2012254
-119.17,48.036,2012254
-119.172,48.045,2012254
-119.175,48.055,2012254
-119.178,48.065,2012254
-119.18,48.075,2012254
-119.183,48.084,2012254
-119.186,48.094,2012254
-119.184,48.034,2012254
-119.187,48.043,2012254
-119.189,48.053,2012254
-119.192,48.063,2012254
-119.195,48.073,2012254
-119.197,48.083,2012254
-119.2,48.092,2012254
-119.206,48.112,2012254
-119.193,48.012,2012254
-119.199,48.032,2012254
-119.201,48.042,2012254
-119.204,48.051,2012254
-119.207,48.061,2012254
-119.209,48.071,2012254
-119.212,48.081,2012254
-119.215,48.091,2012254
-119.2,47.981,2012254
-119.208,48.011,2012254
-119.211,48.02,2012254
-119.213,48.03,2012254
-119.219,48.05,2012254
-119.221,48.059,2012254
-119.224,48.069,2012254
-119.227,48.079,2012254
-119.229,48.089,2012254
-119.232,48.099,2012254
-119.222,48.009,2012254
-119.225,48.019,2012254
-119.228,48.028,2012254
-119.236,48.058,2012254
-119.239,48.067,2012254
-119.241,48.077,2012254
-119.244,48.087,2012254
-119.247,48.097,2012254
-119.24,48.017,2012254
-119.25,48.056,2012254
-119.253,48.066,2012254
-119.256,48.075,2012254
-119.259,48.085,2012254
-119.261,48.095,2012254
-119.264,48.105,2012254
-119.249,47.995,2012254
-119.252,48.005,2012254
-119.254,48.015,2012254
-119.265,48.054,2012254
-119.268,48.064,2012254
-119.276,48.093,2012254
-119.279,48.103,2012254
-119.258,47.974,2012254
-119.269,48.013,2012254
-119.272,48.023,2012254
-119.277,48.042,2012254
-119.28,48.052,2012254
-119.285,48.072,2012254
-119.288,48.082,2012254
-119.29,48.091,2012254
-119.293,48.101,2012254
-119.296,48.111,2012254
-119.283,48.011,2012254
-119.286,48.021,2012254
-119.294,48.05,2012254
-119.297,48.06,2012254
-119.302,48.08,2012254
-119.305,48.09,2012254
-119.308,48.099,2012254
-119.295,48,2012254
-119.298,48.01,2012254
-119.301,48.019,2012254
-119.309,48.049,2012254
-119.317,48.078,2012254
-119.32,48.088,2012254
-119.322,48.098,2012254
-119.31,47.998,2012254
-119.313,48.008,2012254
-119.318,48.027,2012254
-119.329,48.066,2012254
-119.332,48.076,2012254
-119.337,48.096,2012254
-119.324,47.996,2012254
-119.327,48.006,2012254
-119.339,47.994,2012254
-119.342,48.004,2012254
-119.355,48.053,2012254
-119.363,48.082,2012254
-119.354,47.992,2012254
-119.356,48.002,2012254
-119.359,48.012,2012254
-119.362,48.022,2012254
-119.367,48.041,2012254
-119.373,48.061,2012254
-119.374,48.01,2012254
-119.376,48.02,2012254
-119.379,48.03,2012254
-119.382,48.04,2012254
-119.387,48.059,2012254
-119.39,48.069,2012254
-119.385,47.999,2012254
-119.388,48.008,2012254
-119.391,48.018,2012254
-119.394,48.028,2012254
-119.396,48.038,2012254
-119.399,48.048,2012254
-119.403,48.007,2012254
-119.414,48.046,2012254
-119.44,48.032,2012254
-119.859,48.019,2012254
-119.97,48.248,2012254
-119.979,48.227,2012254
-119.993,48.276,2012254
-119.991,48.215,2012254
-119.994,48.225,2012254
-120.002,48.254,2012254
-120.008,48.274,2012254
-120.009,48.223,2012254
-120.011,48.233,2012254
-120.014,48.242,2012254
-120.023,48.221,2012254
-120.026,48.231,2012254
-120.029,48.241,2012254
-120.041,48.229,2012254
-120.047,48.096,2012254
-120.096,48.262,2012254
-120.137,48.196,2012254
-120.149,48.184,2012254
-120.158,48.163,2012254
-120.161,48.173,2012254
-120.163,48.182,2012254
-120.169,48.202,2012254
-120.175,48.171,2012254
-120.19,48.169,2012254
-120.139,47.79,2012254
-120.142,47.8,2012254
-120.148,47.769,2012254
-120.154,47.788,2012254
-120.157,47.798,2012254
-120.163,47.767,2012254
-120.165,47.777,2012254
-120.171,47.796,2012254
-120.177,47.765,2012254
-120.183,47.785,2012254
-120.186,47.794,2012254
-120.18,47.724,2012254
-120.183,47.734,2012254
-120.192,47.763,2012254
-120.197,47.783,2012254
-120.2,47.792,2012254
-120.212,47.781,2012254
-120.215,47.79,2012254
-120.217,47.8,2012254
-120.22,47.759,2012254
-120.226,47.779,2012254
-120.229,47.789,2012254
-120.261,47.896,2012254
-120.226,47.728,2012254
-120.229,47.738,2012254
-120.232,47.748,2012254
-120.272,47.884,2012254
-120.275,47.894,2012254
-120.249,47.755,2012254
-120.252,47.765,2012254
-120.255,47.775,2012254
-120.258,47.785,2012254
-120.261,47.794,2012254
-120.264,47.804,2012254
-120.287,47.882,2012254
-120.29,47.892,2012254
-120.292,47.902,2012254
-120.255,47.724,2012254
-120.261,47.744,2012254
-120.264,47.753,2012254
-120.267,47.763,2012254
-120.278,47.802,2012254
-120.304,47.89,2012254
-120.27,47.722,2012254
-120.273,47.732,2012254
-120.276,47.742,2012254
-120.281,47.761,2012254
-120.284,47.771,2012254
-120.287,47.781,2012254
-120.29,47.791,2012254
-120.284,47.72,2012254
-120.287,47.73,2012254
-120.29,47.74,2012254
-120.293,47.75,2012254
-120.296,47.759,2012254
-120.301,47.779,2012254
-120.304,47.789,2012254
-120.299,47.718,2012254
-120.304,47.738,2012254
-120.307,47.748,2012254
-120.31,47.757,2012254
-120.316,47.726,2012254
-120.322,47.746,2012254
-120.325,47.756,2012254
-120.446,48.013,2012254
-120.366,47.436,2012254
-120.389,47.412,2012254
-120.394,47.432,2012254
-120.397,47.441,2012254
-120.577,48.046,2012254
-120.406,47.42,2012254
-120.409,47.43,2012254
-120.412,47.44,2012254
-120.414,47.449,2012254
-120.592,48.044,2012254
-120.595,48.054,2012254
-120.417,47.408,2012254
-120.42,47.418,2012254
-120.423,47.428,2012254
-120.426,47.438,2012254
-120.429,47.447,2012254
-120.609,48.052,2012254
-120.435,47.416,2012254
-120.437,47.426,2012254
-120.44,47.436,2012254
-120.446,47.455,2012254
-120.435,47.365,2012254
-120.446,47.404,2012254
-120.449,47.414,2012254
-120.452,47.424,2012254
-120.455,47.434,2012254
-120.458,47.443,2012254
-120.446,47.354,2012254
-120.452,47.373,2012254
-120.455,47.383,2012254
-120.469,47.432,2012254
-120.46,47.352,2012254
-120.481,47.42,2012254
-120.478,47.36,2012254
-120.504,47.447,2012254
-120.492,47.358,2012254
-120.518,47.445,2012254
-120.524,47.465,2012254
-120.506,47.356,2012254
-120.532,47.443,2012254
-120.535,47.453,2012254
-120.538,47.463,2012254
-120.524,47.363,2012254
-120.526,47.373,2012254
-120.55,47.451,2012254
-120.552,47.461,2012254
-120.555,47.471,2012254
-120.538,47.361,2012254
-120.541,47.371,2012254
-120.567,47.459,2012254
-120.68,47.687,2012254
-121.402,48.927,2012254
-121.033,46.683,2012254
-121.044,46.671,2012254
-121.05,46.691,2012254
-121.064,46.689,2012254
-121.078,46.687,2012254
-121.503,46.106,2012254
-121.506,46.115,2012254
-121.52,46.113,2012254
-121.523,46.123,2012254
-121.526,46.133,2012254
-121.534,46.111,2012254
-121.548,46.109,2012254
-121.551,46.119,2012254
-121.554,46.129,2012254
-121.568,46.127,2012254
-122.71,46.919,2012254
-122.724,46.917,2012254
-118.443,47.557,2012255
-118.453,47.596,2012255
-118.471,47.493,2012255
-118.486,47.552,2012255
-118.489,47.562,2012255
-118.497,47.591,2012255
-118.503,47.56,2012255
-118.515,47.549,2012255
-118.525,47.588,2012255
-118.532,47.496,2012255
-118.557,47.594,2012255
-118.586,47.591,2012255
-119.057,48.009,2012255
-119.078,48.087,2012255
-119.09,48.076,2012255
-119.093,48.085,2012255
-119.098,48.105,2012255
-119.11,48.093,2012255
-119.113,48.103,2012255
-119.124,48.092,2012255
-119.127,48.101,2012255
-119.151,48.078,2012255
-119.156,48.098,2012255
-119.168,48.086,2012255
-119.171,48.096,2012255
-119.176,48.116,2012255
-119.145,47.947,2012255
-119.186,48.094,2012255
-119.184,48.034,2012255
-119.203,48.102,2012255
-119.206,48.112,2012255
-119.232,48.099,2012255
-119.235,48.108,2012255
-119.225,48.019,2012255
-119.228,48.028,2012255
-119.247,48.097,2012255
-119.249,48.107,2012255
-119.279,48.103,2012255
-119.255,47.964,2012255
-119.258,47.974,2012255
-119.305,48.09,2012255
-119.308,48.099,2012255
-119.29,47.98,2012255
-119.303,48.029,2012255
-119.32,48.088,2012255
-119.322,48.098,2012255
-119.334,48.086,2012255
-119.962,48.219,2012255
-119.976,48.268,2012255
-119.976,48.217,2012255
-119.994,48.225,2012255
-120.008,48.274,2012255
-120.003,48.203,2012255
-120.065,48.104,2012255
-120.137,48.196,2012255
-120.169,48.202,2012255
-120.157,47.798,2012255
-120.18,47.724,2012255
-120.2,47.792,2012255
-120.217,47.8,2012255
-120.244,47.787,2012255
-120.246,47.796,2012255
-120.275,47.793,2012255
-120.403,47.41,2012255
-120.414,47.449,2012255
-120.426,47.387,2012255
-120.446,47.455,2012255
-120.432,47.356,2012255
-120.446,47.354,2012255
-120.472,47.391,2012255
-120.518,47.445,2012255
-120.521,47.455,2012255
-120.55,47.451,2012255
-121.509,46.125,2012255
-123.129,45.625,2012255
-117.341,45.536,2012255
-117.369,45.532,2012255
-118.433,47.518,2012255
-118.455,47.546,2012255
-119.054,47.999,2012255
-119.069,47.997,2012255
-119.082,48.046,2012255
-119.095,48.095,2012255
-119.107,48.084,2012255
-119.121,48.133,2012255
-119.098,47.994,2012255
-119.13,48.111,2012255
-119.133,48.121,2012255
-119.142,48.1,2012255
-119.159,48.108,2012255
-119.162,48.117,2012255
-119.164,48.127,2012255
-119.174,48.106,2012255
-119.17,48.036,2012255
-119.188,48.104,2012255
-119.191,48.114,2012255
-119.196,48.133,2012255
-119.173,47.995,2012255
-119.208,48.122,2012255
-119.215,48.091,2012255
-119.217,48.1,2012255
-119.22,48.11,2012255
-119.189,47.942,2012255
-119.192,47.952,2012255
-119.195,47.962,2012255
-119.204,47.94,2012255
-119.209,47.96,2012255
-119.296,48.111,2012255
-119.31,48.109,2012255
-119.317,48.078,2012255
-119.34,48.105,2012255
-119.399,48.048,2012255
-119.947,48.221,2012255
-119.956,48.25,2012255
-119.959,48.209,2012255
-119.979,48.227,2012255
-119.991,48.215,2012255
-119.997,48.235,2012255
-120.111,48.159,2012255
-120.114,48.169,2012255
-120.117,48.178,2012255
-120.129,48.167,2012255
-120.128,47.802,2012255
-120.212,47.781,2012255
-120.215,47.79,2012255
-120.243,47.888,2012255
-120.229,47.789,2012255
-120.232,47.798,2012255
-120.235,47.808,2012255
-120.258,47.886,2012255
-120.261,47.896,2012255
-120.235,47.757,2012255
-120.244,47.736,2012255
-120.247,47.746,2012255
-120.261,47.794,2012255
-120.284,47.873,2012255
-120.258,47.734,2012255
-120.267,47.763,2012255
-120.272,47.783,2012255
-120.278,47.752,2012255
-120.284,47.771,2012255
-120.287,47.781,2012255
-120.296,47.759,2012255
-120.368,47.445,2012255
-120.548,48.05,2012255
-120.383,47.443,2012255
-120.386,47.453,2012255
-120.563,48.048,2012255
-120.566,48.058,2012255
-120.568,48.068,2012255
-120.397,47.441,2012255
-120.58,48.056,2012255
-120.4,47.401,2012255
-120.406,47.42,2012255
-120.592,48.044,2012255
-120.417,47.408,2012255
-120.42,47.418,2012255
-120.417,47.358,2012255
-120.435,47.365,2012255
-120.463,47.361,2012255
-120.501,47.438,2012255
-120.495,47.367,2012255
-120.515,47.436,2012255
-120.509,47.365,2012255
-120.541,47.422,2012255
-120.67,47.353,2012255
-120.707,47.277,2012255
-121.033,46.683,2012255
-121.05,46.691,2012255
-121.492,46.118,2012255
-121.495,46.127,2012255
-121.52,46.113,2012255
-121.523,46.123,2012255
-121.54,46.131,2012255
-121.557,46.138,2012255
-121.568,46.127,2012255
-122.838,47.43,2012255
-119.103,48.125,2012256
-119.121,48.133,2012256
-119.135,48.131,2012256
-119.138,48.141,2012256
-119.164,48.127,2012256
-119.167,48.137,2012256
-119.179,48.125,2012256
-119.997,48.235,2012256
-120.261,47.896,2012256
-120.246,47.796,2012256
-120.244,47.736,2012256
-120.412,47.44,2012256
-120.417,47.358,2012256
-120.432,47.356,2012256
-120.501,47.438,2012256
-120.504,47.447,2012256
-120.506,47.457,2012256
-120.849,47.552,2012256
-117.705,46.664,2012256
-117.721,46.672,2012256
-119.049,48.091,2012256
-119.066,48.099,2012256
-119.069,48.109,2012256
-119.074,48.128,2012256
-119.081,48.097,2012256
-119.083,48.107,2012256
-119.089,48.126,2012256
-119.091,48.136,2012256
-119.095,48.095,2012256
-119.098,48.105,2012256
-119.106,48.134,2012256
-119.109,48.144,2012256
-119.11,48.093,2012256
-119.118,48.123,2012256
-119.123,48.142,2012256
-119.133,48.121,2012256
-119.15,48.129,2012256
-118.886,45.796,2012256
-118.936,45.82,2012256
-119.974,48.207,2012256
-119.976,48.217,2012256
-119.979,48.227,2012256
-119.982,48.236,2012256
-119.988,48.205,2012256
-119.991,48.215,2012256
-119.994,48.225,2012256
-120.003,48.203,2012256
-120.006,48.213,2012256
-120.011,48.233,2012256
-120.129,48.167,2012256
-120.131,48.176,2012256
-120.14,48.155,2012256
-120.143,48.165,2012256
-120.146,48.175,2012256
-120.142,47.8,2012256
-120.157,47.798,2012256
-120.159,47.808,2012256
-120.229,47.89,2012256
-120.24,47.878,2012256
-120.243,47.888,2012256
-120.246,47.898,2012256
-120.226,47.779,2012256
-120.232,47.798,2012256
-120.255,47.876,2012256
-120.258,47.886,2012256
-120.229,47.738,2012256
-120.241,47.777,2012256
-120.244,47.787,2012256
-120.266,47.865,2012256
-120.269,47.874,2012256
-120.272,47.884,2012256
-120.241,47.726,2012256
-120.255,47.775,2012256
-120.264,47.753,2012256
-120.278,47.752,2012256
-120.534,48.052,2012256
-120.548,48.05,2012256
-120.38,47.434,2012256
-120.383,47.443,2012256
-120.386,47.453,2012256
-120.563,48.048,2012256
-120.566,48.058,2012256
-120.394,47.432,2012256
-120.397,47.441,2012256
-120.577,48.046,2012256
-120.386,47.352,2012256
-120.397,47.391,2012256
-120.394,47.33,2012256
-120.4,47.35,2012256
-120.403,47.36,2012256
-120.426,47.438,2012256
-120.42,47.367,2012256
-120.437,47.426,2012256
-120.435,47.365,2012256
-120.455,47.434,2012256
-120.449,47.363,2012256
-120.46,47.352,2012256
-120.463,47.361,2012256
-120.481,47.42,2012256
-120.483,47.43,2012256
-120.486,47.44,2012256
-120.489,47.449,2012256
-120.492,47.459,2012256
-120.478,47.36,2012256
-120.48,47.369,2012256
-120.495,47.418,2012256
-120.498,47.428,2012256
-120.495,47.367,2012256
-120.498,47.377,2012256
-120.512,47.426,2012256
-120.518,47.445,2012256
-120.521,47.455,2012256
-120.512,47.375,2012256
-120.532,47.443,2012256
-120.538,47.26,2012256
-120.65,47.336,2012256
-120.661,47.273,2012256
-120.832,47.544,2012256
-120.788,47.347,2012256
-121.018,46.685,2012256
-121.021,46.695,2012256
-121.03,46.673,2012256
-121.033,46.683,2012256
-121.036,46.693,2012256
-121.047,46.681,2012256
-121.061,46.679,2012256
-121.481,46.129,2012256
-121.492,46.118,2012256
-121.495,46.127,2012256
-121.506,46.115,2012256
-121.509,46.125,2012256
-121.52,46.113,2012256
-121.523,46.123,2012256
-121.526,46.133,2012256
-121.537,46.121,2012256
-121.54,46.131,2012256
-121.554,46.129,2012256
-121.605,46.152,2012256
-119.106,48.134,2012257
-119.123,48.142,2012257
-119.126,48.152,2012257
-119.138,48.141,2012257
-120.146,48.175,2012257
-120.149,48.184,2012257
-120.152,48.194,2012257
-120.158,48.163,2012257
-120.163,48.182,2012257
-120.172,48.161,2012257
-120.175,48.171,2012257
-120.187,48.159,2012257
-120.174,47.806,2012257
-120.177,47.816,2012257
-120.183,47.785,2012257
-120.186,47.794,2012257
-120.191,47.814,2012257
-120.197,47.783,2012257
-120.2,47.792,2012257
-120.258,47.886,2012257
-120.261,47.896,2012257
-120.275,47.894,2012257
-120.278,47.904,2012257
-120.261,47.794,2012257
-120.264,47.804,2012257
-120.287,47.882,2012257
-120.275,47.793,2012257
-120.278,47.802,2012257
-120.29,47.791,2012257
-120.293,47.8,2012257
-120.58,48.056,2012257
-120.406,47.42,2012257
-120.4,47.35,2012257
-120.417,47.408,2012257
-120.412,47.338,2012257
-120.414,47.348,2012257
-120.417,47.358,2012257
-120.432,47.406,2012257
-120.426,47.336,2012257
-120.429,47.346,2012257
-120.443,47.344,2012257
-120.446,47.354,2012257
-120.463,47.412,2012257
-120.504,47.447,2012257
-120.506,47.457,2012257
-120.495,47.367,2012257
-120.518,47.445,2012257
-120.521,47.455,2012257
-120.527,47.475,2012257
-120.509,47.365,2012257
-120.535,47.453,2012257
-120.538,47.463,2012257
-121.047,46.681,2012257
-121.05,46.691,2012257
-121.061,46.679,2012257
-121.064,46.689,2012257
-121.075,46.677,2012257
-121.498,46.137,2012257
-121.512,46.135,2012257
-121.529,46.143,2012257
-121.547,46.201,2012257
-121.537,46.121,2012257
-121.54,46.131,2012257
-121.543,46.14,2012257
-121.546,46.15,2012257
-121.554,46.129,2012257
-121.557,46.138,2012257
-121.585,46.134,2012257
-121.588,46.144,2012257
-121.599,46.132,2012257
-119.161,45.852,2012257
-119.994,48.225,2012257
-120.05,48.106,2012257
-120.129,48.167,2012257
-120.161,48.173,2012257
-120.167,48.141,2012257
-120.169,48.151,2012257
-120.181,48.14,2012257
-120.207,48.126,2012257
-120.157,47.798,2012257
-120.162,47.818,2012257
-120.168,47.786,2012257
-120.171,47.796,2012257
-120.223,47.82,2012257
-120.246,47.898,2012257
-120.249,47.908,2012257
-120.252,47.867,2012257
-120.255,47.876,2012257
-120.241,47.777,2012257
-120.246,47.796,2012257
-120.269,47.874,2012257
-120.272,47.884,2012257
-120.258,47.785,2012257
-120.267,47.814,2012257
-120.284,47.873,2012257
-120.27,47.773,2012257
-120.272,47.783,2012257
-120.284,47.771,2012257
-120.566,48.058,2012257
-120.577,48.046,2012257
-120.589,48.034,2012257
-120.391,47.321,2012257
-120.403,47.36,2012257
-120.409,47.379,2012257
-120.603,48.032,2012257
-120.406,47.319,2012257
-120.409,47.328,2012257
-120.435,47.416,2012257
-120.437,47.426,2012257
-120.44,47.436,2012257
-120.423,47.326,2012257
-120.432,47.356,2012257
-120.452,47.424,2012257
-120.449,47.363,2012257
-120.48,47.369,2012257
-120.501,47.438,2012257
-120.509,47.467,2012257
-120.489,47.348,2012257
-120.515,47.436,2012257
-120.524,47.465,2012257
-120.503,47.346,2012257
-120.506,47.356,2012257
-120.524,47.363,2012257
-120.523,47.262,2012257
-120.552,47.258,2012257
-120.563,47.246,2012257
-120.566,47.256,2012257
-120.572,47.225,2012257
-120.575,47.235,2012257
-120.578,47.244,2012257
-120.595,47.252,2012257
-120.598,47.262,2012257
-120.609,47.25,2012257
-120.626,47.258,2012257
-120.658,47.213,2012257
-120.779,47.369,2012257
-121.024,46.704,2012257
-121.027,46.663,2012257
-121.041,46.712,2012257
-121.041,46.661,2012257
-121.044,46.671,2012257
-121.055,46.659,2012257
-121.067,46.698,2012257
-121.456,46.143,2012257
-121.464,46.122,2012257
-121.467,46.131,2012257
-121.478,46.12,2012257
-121.481,46.129,2012257
-121.484,46.139,2012257
-121.487,46.149,2012257
-121.492,46.118,2012257
-121.495,46.127,2012257
-121.501,46.147,2012257
-121.506,46.115,2012257
-121.509,46.125,2012257
-121.515,46.145,2012257
-121.518,46.154,2012257
-121.524,46.174,2012257
-121.523,46.123,2012257
-121.526,46.133,2012257
-121.532,46.152,2012257
-121.548,46.109,2012257
-121.562,46.107,2012257
-121.568,46.127,2012257
-121.574,46.146,2012257
-121.573,46.095,2012257
-119.997,48.235,2012258
-120.009,48.223,2012258
-120.011,48.233,2012258
-120.134,48.186,2012258
-120.152,48.194,2012258
-120.155,48.153,2012258
-120.158,48.163,2012258
-120.169,48.151,2012258
-120.172,48.161,2012258
-120.184,48.149,2012258
-120.193,48.179,2012258
-120.201,48.157,2012258
-120.204,48.167,2012258
-120.213,48.145,2012258
-120.219,48.165,2012258
-120.188,47.804,2012258
-120.191,47.814,2012258
-120.194,47.824,2012258
-120.2,47.792,2012258
-120.203,47.802,2012258
-120.206,47.812,2012258
-120.215,47.79,2012258
-120.217,47.8,2012258
-120.246,47.898,2012258
-120.249,47.908,2012258
-120.258,47.886,2012258
-120.263,47.906,2012258
-120.275,47.894,2012258
-120.278,47.904,2012258
-120.281,47.913,2012258
-120.287,47.882,2012258
-120.29,47.892,2012258
-120.295,47.912,2012258
-120.298,47.921,2012258
-120.275,47.793,2012258
-120.278,47.802,2012258
-120.304,47.89,2012258
-120.307,47.9,2012258
-120.29,47.791,2012258
-120.293,47.8,2012258
-120.296,47.81,2012258
-120.321,47.898,2012258
-120.304,47.789,2012258
-120.307,47.798,2012258
-120.397,47.34,2012258
-120.4,47.35,2012258
-120.417,47.408,2012258
-120.429,47.447,2012258
-120.412,47.338,2012258
-120.432,47.406,2012258
-120.435,47.416,2012258
-120.606,47.991,2012258
-120.426,47.336,2012258
-120.429,47.346,2012258
-120.443,47.395,2012258
-120.449,47.414,2012258
-120.443,47.344,2012258
-120.446,47.354,2012258
-120.463,47.412,2012258
-120.495,47.469,2012258
-120.608,47.849,2012258
-120.623,47.847,2012258
-120.492,47.358,2012258
-120.495,47.367,2012258
-120.524,47.465,2012258
-120.527,47.475,2012258
-120.529,47.484,2012258
-120.509,47.365,2012258
-120.512,47.375,2012258
-120.541,47.473,2012258
-120.524,47.363,2012258
-120.529,47.383,2012258
-121.033,46.683,2012258
-121.036,46.693,2012258
-121.047,46.681,2012258
-121.484,46.139,2012258
-121.527,46.184,2012258
-121.543,46.14,2012258
-121.546,46.15,2012258
-121.554,46.129,2012258
-121.571,46.136,2012258
-121.574,46.146,2012258
-119.147,45.854,2012258
-119.979,48.227,2012258
-119.994,48.225,2012258
-120.129,48.167,2012258
-120.174,47.806,2012258
-120.226,47.88,2012258
-120.24,47.878,2012258
-120.243,47.888,2012258
-120.261,47.896,2012258
-120.272,47.884,2012258
-120.261,47.794,2012258
-120.551,48.06,2012258
-120.554,48.07,2012258
-120.566,48.058,2012258
-120.568,48.068,2012258
-120.577,48.046,2012258
-120.58,48.056,2012258
-120.4,47.401,2012258
-120.571,47.976,2012258
-120.414,47.399,2012258
-120.426,47.438,2012258
-120.586,47.974,2012258
-120.589,47.984,2012258
-120.609,48.052,2012258
-120.443,47.445,2012258
-120.6,47.972,2012258
-120.603,47.982,2012258
-120.449,47.363,2012258
-120.455,47.332,2012258
-120.457,47.342,2012258
-120.463,47.311,2012258
-120.466,47.321,2012258
-120.478,47.36,2012258
-120.483,47.328,2012258
-120.492,47.307,2012258
-120.495,47.317,2012258
-120.492,47.256,2012258
-120.506,47.305,2012258
-120.708,47.978,2012258
-120.512,47.274,2012258
-120.725,47.985,2012258
-120.52,47.252,2012258
-120.523,47.262,2012258
-120.734,47.964,2012258
-120.538,47.26,2012258
-120.549,47.248,2012258
-120.552,47.258,2012258
-120.564,47.297,2012258
-120.563,47.246,2012258
-120.566,47.256,2012258
-120.581,47.305,2012258
-120.584,47.315,2012258
-120.578,47.244,2012258
-120.581,47.254,2012258
-120.584,47.264,2012258
-120.586,47.274,2012258
-120.592,47.293,2012258
-120.595,47.303,2012258
-120.595,47.252,2012258
-120.629,47.217,2012258
-120.835,47.554,2012258
-121.061,46.679,2012258
-121.467,46.131,2012258
-121.47,46.141,2012258
-121.498,46.137,2012258
-121.501,46.147,2012258
-121.512,46.135,2012258
-121.523,46.123,2012258
-120.149,48.184,2012259
-120.175,48.171,2012259
-120.187,48.159,2012259
-120.19,48.169,2012259
-120.246,47.898,2012259
-120.249,47.908,2012259
-120.252,47.917,2012259
-120.255,47.876,2012259
-120.258,47.886,2012259
-120.263,47.906,2012259
-120.266,47.915,2012259
-120.269,47.874,2012259
-120.272,47.884,2012259
-120.389,47.412,2012259
-120.4,47.401,2012259
-120.403,47.41,2012259
-120.592,48.044,2012259
-120.414,47.399,2012259
-120.417,47.408,2012259
-120.586,47.974,2012259
-120.589,47.984,2012259
-120.412,47.338,2012259
-120.429,47.397,2012259
-120.432,47.406,2012259
-120.6,47.972,2012259
-120.603,47.982,2012259
-120.443,47.395,2012259
-120.457,47.342,2012259
-120.46,47.352,2012259
-120.498,47.479,2012259
-120.472,47.34,2012259
-120.475,47.35,2012259
-120.483,47.379,2012259
-120.512,47.477,2012259
-120.489,47.348,2012259
-120.498,47.377,2012259
-120.501,47.387,2012259
-120.527,47.475,2012259
-120.492,47.307,2012259
-120.515,47.385,2012259
-120.52,47.252,2012259
-120.523,47.262,2012259
-120.737,47.974,2012259
-120.535,47.25,2012259
-120.538,47.26,2012259
-120.549,47.248,2012259
-120.552,47.258,2012259
-120.563,47.246,2012259
-120.566,47.256,2012259
-120.581,47.254,2012259
-120.592,47.293,2012259
-120.595,47.252,2012259
-120.598,47.262,2012259
-120.612,47.26,2012259
-121.033,46.683,2012259
-121.047,46.681,2012259
-121.464,46.122,2012259
-121.467,46.131,2012259
-121.475,46.11,2012259
-121.478,46.12,2012259
-121.481,46.129,2012259
-121.484,46.139,2012259
-121.492,46.118,2012259
-121.495,46.127,2012259
-121.498,46.137,2012259
-121.554,46.129,2012259
-121.557,46.138,2012259
-121.571,46.136,2012259
-121.044,46.671,2012259
-120.532,47.24,2012259
-120.592,47.242,2012259
-120.397,47.391,2012259
-120.423,47.326,2012259
-120.165,47.777,2012259
-120.988,48.345,2012259
-117.261,46.39,2012259
-120.146,48.175,2012259
-120.158,48.163,2012259
-120.161,48.173,2012259
-120.163,48.182,2012259
-120.166,48.192,2012259
-120.167,48.141,2012259
-120.172,48.161,2012259
-120.178,48.181,2012259
-120.181,48.19,2012259
-120.181,48.14,2012259
-120.184,48.149,2012259
-120.193,48.179,2012259
-120.196,48.138,2012259
-120.199,48.147,2012259
-120.201,48.157,2012259
-120.204,48.167,2012259
-120.214,47.892,2012259
-120.232,47.9,2012259
-120.234,47.909,2012259
-120.237,47.919,2012259
-120.243,47.888,2012259
-120.255,47.927,2012259
-120.261,47.896,2012259
-120.275,47.894,2012259
-120.551,48.06,2012259
-120.065,46.341,2012259
-120.566,48.058,2012259
-120.56,47.988,2012259
-120.577,48.046,2012259
-120.583,48.066,2012259
-120.568,47.966,2012259
-120.571,47.976,2012259
-120.574,47.986,2012259
-120.577,47.995,2012259
-120.589,48.034,2012259
-120.412,47.389,2012259
-120.58,47.954,2012259
-120.583,47.964,2012259
-120.592,47.993,2012259
-120.606,48.042,2012259
-120.409,47.328,2012259
-120.42,47.367,2012259
-120.426,47.387,2012259
-120.594,47.952,2012259
-120.597,47.962,2012259
-120.606,47.991,2012259
-120.426,47.336,2012259
-120.44,47.385,2012259
-120.609,47.95,2012259
-120.612,47.96,2012259
-120.615,47.97,2012259
-120.623,47.999,2012259
-120.437,47.324,2012259
-120.626,47.958,2012259
-120.452,47.322,2012259
-120.455,47.332,2012259
-120.463,47.361,2012259
-120.466,47.371,2012259
-120.495,47.469,2012259
-120.501,47.488,2012259
-120.466,47.321,2012259
-120.469,47.33,2012259
-120.478,47.36,2012259
-120.48,47.369,2012259
-120.506,47.457,2012259
-120.509,47.467,2012259
-120.515,47.486,2012259
-120.463,47.26,2012259
-120.475,47.299,2012259
-120.478,47.309,2012259
-120.48,47.319,2012259
-120.486,47.338,2012259
-120.495,47.367,2012259
-120.503,47.397,2012259
-120.521,47.455,2012259
-120.524,47.465,2012259
-120.529,47.484,2012259
-120.477,47.258,2012259
-120.483,47.278,2012259
-120.486,47.287,2012259
-120.489,47.297,2012259
-120.498,47.326,2012259
-120.501,47.336,2012259
-120.509,47.365,2012259
-120.518,47.395,2012259
-120.535,47.453,2012259
-120.538,47.463,2012259
-120.541,47.473,2012259
-120.486,47.237,2012259
-120.492,47.256,2012259
-120.495,47.266,2012259
-120.498,47.276,2012259
-120.503,47.295,2012259
-120.532,47.393,2012259
-120.5,47.235,2012259
-120.503,47.244,2012259
-120.506,47.254,2012259
-120.509,47.264,2012259
-120.518,47.293,2012259
-120.515,47.233,2012259
-120.518,47.242,2012259
-120.526,47.272,2012259
-120.731,47.954,2012259
-120.734,47.964,2012259
-120.74,47.983,2012259
-120.529,47.231,2012259
-120.541,47.27,2012259
-120.546,47.289,2012259
-120.552,47.309,2012259
-120.745,47.952,2012259
-120.748,47.962,2012259
-120.751,47.972,2012259
-120.546,47.239,2012259
-120.555,47.268,2012259
-120.561,47.287,2012259
-120.566,47.307,2012259
-120.569,47.317,2012259
-120.76,47.95,2012259
-120.763,47.96,2012259
-120.561,47.237,2012259
-120.569,47.266,2012259
-120.572,47.276,2012259
-120.575,47.285,2012259
-120.578,47.295,2012259
-120.581,47.305,2012259
-120.584,47.315,2012259
-120.575,47.235,2012259
-120.578,47.244,2012259
-120.584,47.264,2012259
-120.586,47.274,2012259
-120.589,47.283,2012259
-120.595,47.303,2012259
-120.598,47.313,2012259
-120.589,47.233,2012259
-120.601,47.272,2012259
-120.604,47.281,2012259
-120.607,47.291,2012259
-120.603,47.231,2012259
-120.606,47.24,2012259
-120.964,48.369,2012259
-120.976,48.357,2012259
-120.979,48.367,2012259
-120.641,47.205,2012259
-120.818,47.546,2012259
-120.821,47.556,2012259
-120.829,47.534,2012259
-120.832,47.544,2012259
-120.835,47.554,2012259
-120.841,47.523,2012259
-120.844,47.532,2012259
-120.847,47.542,2012259
-120.849,47.552,2012259
-120.855,47.521,2012259
-120.967,46.956,2012259
-121.002,46.779,2012259
-121.013,46.665,2012259
-121.015,46.675,2012259
-121.018,46.685,2012259
-121.027,46.663,2012259
-121.03,46.673,2012259
-121.036,46.693,2012259
-121.041,46.661,2012259
-121.05,46.691,2012259
-121.053,46.7,2012259
-121.064,46.689,2012259
-121.05,46.497,2012259
-121.061,46.486,2012259
-121.064,46.495,2012259
-121.067,46.505,2012259
-121.07,46.515,2012259
-121.078,46.493,2012259
-121.081,46.503,2012259
-121.365,46.899,2012259
-121.37,46.675,2012259
-121.363,46.605,2012259
-121.221,45.995,2012259
-121.226,45.964,2012259
-121.229,45.973,2012259
-121.243,45.971,2012259
-121.239,45.911,2012259
-121.242,45.921,2012259
-121.262,45.938,2012259
-121.285,45.965,2012259
-121.32,46.082,2012259
-121.275,45.885,2012259
-121.287,45.924,2012259
-121.299,45.963,2012259
-121.325,46.051,2012259
-121.328,46.06,2012259
-121.331,46.07,2012259
-121.292,45.893,2012259
-121.295,45.903,2012259
-121.316,45.971,2012259
-121.513,46.613,2012259
-121.313,45.819,2012259
-121.316,45.828,2012259
-121.319,45.838,2012259
-121.33,45.826,2012259
-121.333,45.836,2012259
-121.339,45.855,2012259
-121.342,45.865,2012259
-121.347,45.834,2012259
-121.35,45.844,2012259
-121.358,45.822,2012259
-121.361,45.832,2012259
-121.382,45.9,2012259
-121.375,45.83,2012259
-121.384,45.859,2012259
-121.47,46.141,2012259
-121.473,46.151,2012259
-121.392,45.837,2012259
-121.487,46.149,2012259
-121.501,46.147,2012259
-121.504,46.156,2012259
-121.509,46.125,2012259
-121.512,46.135,2012259
-121.515,46.145,2012259
-121.424,45.802,2012259
-121.514,46.094,2012259
-121.523,46.123,2012259
-121.438,45.8,2012259
-121.528,46.092,2012259
-121.537,46.121,2012259
-121.54,46.131,2012259
-121.549,46.16,2012259
-121.455,45.808,2012259
-121.551,46.119,2012259
-121.56,46.148,2012259
-121.563,46.158,2012259
-121.574,46.146,2012259
-121.577,46.156,2012259
-121.582,46.124,2012259
-121.614,46.181,2012259
-122.375,47.573,2012259
-120.893,47.891,2012260
-119.19,46.071,2012260
-119.192,46.081,2012260
-119.204,46.069,2012260
-119.218,46.067,2012260
-119.966,48.026,2012260
-119.969,48.036,2012260
-119.972,48.045,2012260
-119.984,48.034,2012260
-119.993,48.012,2012260
-119.996,48.022,2012260
-120.134,48.186,2012260
-120.146,48.175,2012260
-120.149,48.184,2012260
-120.158,48.163,2012260
-120.175,48.171,2012260
-120.173,48.11,2012260
-120.175,48.12,2012260
-120.178,48.13,2012260
-120.184,48.149,2012260
-120.187,48.159,2012260
-120.196,48.138,2012260
-120.199,48.147,2012260
-120.207,48.126,2012260
-120.21,48.136,2012260
-120.213,48.145,2012260
-120.225,48.134,2012260
-120.243,47.888,2012260
-120.289,48.044,2012260
-120.255,47.876,2012260
-120.258,47.886,2012260
-120.272,47.884,2012260
-120.278,47.904,2012260
-120.281,47.863,2012260
-120.292,47.902,2012260
-120.397,47.34,2012260
-120.4,47.35,2012260
-120.583,47.964,2012260
-120.586,47.974,2012260
-120.589,47.984,2012260
-120.592,47.993,2012260
-120.606,48.042,2012260
-120.409,47.328,2012260
-120.412,47.338,2012260
-120.414,47.348,2012260
-120.588,47.933,2012260
-120.591,47.943,2012260
-120.594,47.952,2012260
-120.597,47.962,2012260
-120.423,47.326,2012260
-120.606,47.941,2012260
-120.609,47.95,2012260
-120.612,47.96,2012260
-120.615,47.97,2012260
-120.434,47.315,2012260
-120.44,47.334,2012260
-120.443,47.344,2012260
-120.446,47.354,2012260
-120.455,47.332,2012260
-120.457,47.342,2012260
-120.463,47.361,2012260
-120.475,47.401,2012260
-120.495,47.469,2012260
-120.463,47.311,2012260
-120.466,47.321,2012260
-120.469,47.33,2012260
-120.472,47.34,2012260
-120.478,47.36,2012260
-120.475,47.299,2012260
-120.478,47.309,2012260
-120.483,47.328,2012260
-120.486,47.338,2012260
-120.489,47.348,2012260
-120.495,47.367,2012260
-120.524,47.465,2012260
-120.527,47.475,2012260
-120.475,47.248,2012260
-120.489,47.297,2012260
-120.492,47.307,2012260
-120.498,47.326,2012260
-120.501,47.336,2012260
-120.486,47.237,2012260
-120.489,47.246,2012260
-120.492,47.256,2012260
-120.506,47.305,2012260
-120.509,47.315,2012260
-120.526,47.373,2012260
-120.521,47.303,2012260
-120.509,47.213,2012260
-120.512,47.223,2012260
-120.515,47.233,2012260
-120.518,47.242,2012260
-120.52,47.252,2012260
-120.529,47.231,2012260
-120.535,47.25,2012260
-120.538,47.26,2012260
-120.538,47.209,2012260
-120.546,47.239,2012260
-120.549,47.248,2012260
-120.552,47.258,2012260
-120.564,47.297,2012260
-120.76,47.95,2012260
-120.552,47.207,2012260
-120.561,47.237,2012260
-120.563,47.246,2012260
-120.566,47.256,2012260
-120.581,47.305,2012260
-120.575,47.235,2012260
-120.578,47.244,2012260
-120.581,47.254,2012260
-120.584,47.264,2012260
-120.589,47.283,2012260
-120.595,47.303,2012260
-120.583,47.213,2012260
-120.589,47.233,2012260
-120.595,47.252,2012260
-120.598,47.262,2012260
-120.595,47.201,2012260
-120.603,47.231,2012260
-120.606,47.24,2012260
-120.609,47.25,2012260
-120.609,47.199,2012260
-120.612,47.209,2012260
-120.618,47.229,2012260
-120.623,47.197,2012260
-120.626,47.207,2012260
-120.632,47.227,2012260
-120.635,47.236,2012260
-120.997,48.374,2012260
-120.8,47.538,2012260
-120.803,47.548,2012260
-120.904,47.879,2012260
-120.806,47.507,2012260
-120.815,47.536,2012260
-120.818,47.546,2012260
-120.824,47.566,2012260
-120.823,47.515,2012260
-120.826,47.525,2012260
-120.829,47.534,2012260
-120.832,47.544,2012260
-120.933,47.875,2012260
-120.841,47.523,2012260
-120.844,47.532,2012260
-120.847,47.542,2012260
-120.855,47.571,2012260
-120.852,47.511,2012260
-120.855,47.521,2012260
-120.858,47.53,2012260
-120.861,47.54,2012260
-120.866,47.509,2012260
-120.869,47.519,2012260
-120.878,47.548,2012260
-120.889,46.795,2012260
-121.013,46.665,2012260
-121.055,46.659,2012260
-121.054,46.558,2012260
-121.472,46.1,2012260
-121.486,46.098,2012260
-121.489,46.108,2012260
-121.5,46.096,2012260
-121.503,46.106,2012260
-121.506,46.115,2012260
-121.509,46.125,2012260
-121.514,46.094,2012260
-121.517,46.104,2012260
-121.52,46.113,2012260
-121.523,46.123,2012260
-121.522,46.072,2012260
-121.531,46.102,2012260
-121.534,46.111,2012260
-121.537,46.121,2012260
-121.542,46.09,2012260
-121.545,46.099,2012260
-121.559,46.097,2012260
-119.966,48.026,2012261
-119.981,48.024,2012261
-119.984,48.034,2012261
-120.149,48.184,2012261
-120.152,48.194,2012261
-120.161,48.173,2012261
-120.163,48.182,2012261
-120.175,48.171,2012261
-120.178,48.181,2012261
-120.199,48.147,2012261
-120.201,48.157,2012261
-120.204,48.167,2012261
-120.213,48.145,2012261
-120.216,48.155,2012261
-120.563,48.048,2012261
-120.577,48.046,2012261
-120.595,48.054,2012261
-120.583,47.964,2012261
-120.586,47.974,2012261
-120.589,47.984,2012261
-120.423,47.326,2012261
-120.426,47.336,2012261
-120.457,47.342,2012261
-120.463,47.311,2012261
-120.466,47.321,2012261
-120.472,47.34,2012261
-120.475,47.35,2012261
-120.478,47.309,2012261
-120.48,47.319,2012261
-120.486,47.338,2012261
-120.489,47.348,2012261
-120.492,47.358,2012261
-120.501,47.387,2012261
-120.489,47.297,2012261
-120.503,47.346,2012261
-120.512,47.375,2012261
-120.538,47.463,2012261
-120.503,47.295,2012261
-120.552,47.461,2012261
-120.503,47.244,2012261
-120.506,47.254,2012261
-120.538,47.361,2012261
-120.52,47.252,2012261
-120.552,47.359,2012261
-120.734,47.964,2012261
-120.737,47.974,2012261
-120.535,47.25,2012261
-120.748,47.962,2012261
-120.546,47.239,2012261
-120.606,47.24,2012261
-120.609,47.25,2012261
-120.624,47.248,2012261
-120.973,48.347,2012261
-120.976,48.357,2012261
-120.991,48.355,2012261
-120.806,47.507,2012261
-120.815,47.536,2012261
-120.818,47.546,2012261
-120.824,47.566,2012261
-120.832,47.544,2012261
-120.844,47.532,2012261
-120.847,47.542,2012261
-120.855,47.571,2012261
-121.021,46.695,2012261
-121.03,46.673,2012261
-121.033,46.683,2012261
-121.036,46.693,2012261
-121.047,46.681,2012261
-121.05,46.691,2012261
-121.061,46.679,2012261
-121.5,46.096,2012261
-121.503,46.106,2012261
-121.506,46.115,2012261
-121.509,46.125,2012261
-121.514,46.094,2012261
-121.517,46.104,2012261
-121.528,46.092,2012261
-121.531,46.102,2012261
-121.534,46.111,2012261
-121.537,46.121,2012261
-121.545,46.099,2012261
-121.548,46.109,2012261
-121.551,46.119,2012261
-120.658,47.213,2012261
-123.614,46.987,2012261
-119.964,48.016,2012261
-119.969,48.036,2012261
-119.996,48.022,2012261
-120.143,48.165,2012261
-120.146,48.175,2012261
-120.258,47.886,2012261
-120.568,47.966,2012261
-120.571,47.976,2012261
-120.455,47.332,2012261
-120.466,47.27,2012261
-120.512,47.426,2012261
-120.524,47.465,2012261
-120.495,47.266,2012261
-120.535,47.352,2012261
-120.722,47.976,2012261
-120.515,47.233,2012261
-120.518,47.242,2012261
-120.532,47.24,2012261
-120.575,47.235,2012261
-120.961,48.359,2012261
-120.964,48.369,2012261
-120.789,47.55,2012261
-120.893,47.891,2012261
-120.803,47.548,2012261
-120.812,47.527,2012261
-120.829,47.534,2012261
-121.027,46.714,2012261
-121.461,46.112,2012261
-121.478,46.12,2012261
-121.486,46.098,2012261
-121.501,46.147,2012261
-121.497,46.086,2012261
-121.52,46.113,2012261
-122.716,46.939,2012261
-119.972,48.045,2012262
-119.984,48.034,2012262
-119.987,48.043,2012262
-119.99,48.053,2012262
-120.001,48.042,2012262
-120.152,48.194,2012262
-120.155,48.204,2012262
-120.163,48.182,2012262
-120.166,48.192,2012262
-120.169,48.202,2012262
-120.204,48.167,2012262
-120.219,48.165,2012262
-120.222,48.175,2012262
-120.586,47.974,2012262
-120.589,47.984,2012262
-120.592,47.993,2012262
-120.606,47.991,2012262
-120.423,47.326,2012262
-120.434,47.315,2012262
-120.437,47.324,2012262
-120.457,47.342,2012262
-120.472,47.34,2012262
-120.475,47.35,2012262
-120.483,47.328,2012262
-120.486,47.338,2012262
-120.492,47.358,2012262
-120.503,47.397,2012262
-120.492,47.307,2012262
-120.515,47.385,2012262
-120.518,47.395,2012262
-120.544,47.482,2012262
-120.509,47.315,2012262
-120.512,47.324,2012262
-120.555,47.471,2012262
-120.509,47.264,2012262
-120.74,47.983,2012262
-120.532,47.24,2012262
-120.535,47.25,2012262
-120.751,47.972,2012262
-120.546,47.239,2012262
-120.609,47.25,2012262
-120.624,47.248,2012262
-120.896,47.901,2012262
-120.899,47.911,2012262
-120.91,47.899,2012262
-120.815,47.536,2012262
-120.832,47.544,2012262
-120.835,47.554,2012262
-120.849,47.552,2012262
-120.861,47.54,2012262
-121.038,46.702,2012262
-121.053,46.7,2012262
-121.531,46.102,2012262
-121.534,46.111,2012262
-121.548,46.109,2012262
-121.551,46.119,2012262
-121.507,46.166,2012262
-121.538,46.172,2012262
-121.552,46.17,2012262
-121.58,46.165,2012262
-121.608,46.161,2012262
-120.624,47.299,2012262
-120.612,47.311,2012262
-120.584,47.315,2012262
-120.587,47.324,2012262
-120.549,47.35,2012262
-120.538,47.361,2012262
-120.635,47.236,2012262
-124.718,48.911,2012262
-124.733,48.909,2012262
-117.928,46.376,2012262
-118.475,45.827,2012262
-118.506,45.833,2012262
-118.539,45.849,2012262
-118.743,45.571,2012262
-119.964,48.016,2012262
-119.969,48.036,2012262
-119.996,48.022,2012262
-120.146,48.175,2012262
-120.155,48.153,2012262
-120.158,48.163,2012262
-120.161,48.173,2012262
-120.172,48.161,2012262
-120.175,48.171,2012262
-120.178,48.181,2012262
-120.187,48.159,2012262
-120.193,48.179,2012262
-120.201,48.157,2012262
-120.213,48.196,2012262
-120.216,48.155,2012262
-119.805,46.669,2012262
-120.231,48.153,2012262
-120.528,47.982,2012262
-120.542,47.98,2012262
-120.545,47.99,2012262
-120.566,48.058,2012262
-120.568,48.068,2012262
-120.56,47.988,2012262
-120.412,47.338,2012262
-120.414,47.348,2012262
-120.42,47.317,2012262
-120.432,47.356,2012262
-120.44,47.334,2012262
-120.446,47.354,2012262
-120.46,47.352,2012262
-120.469,47.381,2012262
-120.676,47.972,2012262
-120.466,47.219,2012262
-120.495,47.317,2012262
-120.693,47.98,2012262
-120.495,47.266,2012262
-120.503,47.295,2012262
-120.506,47.305,2012262
-120.515,47.334,2012262
-120.547,47.441,2012262
-120.552,47.461,2012262
-120.705,47.968,2012262
-120.708,47.978,2012262
-120.506,47.254,2012262
-120.512,47.274,2012262
-120.515,47.283,2012262
-120.523,47.313,2012262
-120.526,47.322,2012262
-120.529,47.332,2012262
-120.541,47.371,2012262
-120.52,47.252,2012262
-120.523,47.262,2012262
-120.535,47.301,2012262
-120.538,47.311,2012262
-120.541,47.32,2012262
-120.544,47.33,2012262
-120.529,47.231,2012262
-120.538,47.26,2012262
-120.541,47.27,2012262
-120.543,47.28,2012262
-120.549,47.299,2012262
-120.552,47.309,2012262
-120.555,47.319,2012262
-120.558,47.328,2012262
-120.549,47.248,2012262
-120.552,47.258,2012262
-120.555,47.268,2012262
-120.569,47.317,2012262
-120.558,47.227,2012262
-120.563,47.246,2012262
-120.566,47.256,2012262
-120.569,47.266,2012262
-120.572,47.276,2012262
-120.578,47.295,2012262
-120.581,47.305,2012262
-120.575,47.235,2012262
-120.578,47.244,2012262
-120.581,47.254,2012262
-120.592,47.293,2012262
-120.598,47.313,2012262
-120.589,47.233,2012262
-120.592,47.242,2012262
-120.595,47.252,2012262
-120.598,47.262,2012262
-120.601,47.272,2012262
-120.607,47.291,2012262
-120.609,47.301,2012262
-120.603,47.231,2012262
-120.606,47.24,2012262
-120.612,47.26,2012262
-120.621,47.238,2012262
-120.626,47.258,2012262
-120.964,48.369,2012262
-120.638,47.246,2012262
-120.979,48.367,2012262
-120.994,48.365,2012262
-120.745,47.505,2012262
-120.775,47.552,2012262
-120.778,47.562,2012262
-120.789,47.55,2012262
-120.8,47.538,2012262
-120.806,47.558,2012262
-120.806,47.507,2012262
-120.818,47.546,2012262
-120.824,47.566,2012262
-120.829,47.534,2012262
-120.847,47.542,2012262
-120.855,47.571,2012262
-120.864,47.55,2012262
-120.878,47.548,2012262
-121.03,47.699,2012262
-121.044,47.647,2012262
-121.126,47.523,2012262
-120.982,46.71,2012262
-121.05,46.691,2012262
-121.382,46.907,2012262
-121.472,46.1,2012262
-121.475,46.11,2012262
-121.478,46.12,2012262
-121.481,46.129,2012262
-121.501,46.147,2012262
-121.51,46.176,2012262
-121.509,46.125,2012262
-121.518,46.154,2012262
-121.521,46.164,2012262
-121.527,46.184,2012262
-121.511,46.084,2012262
-121.514,46.094,2012262
-121.517,46.104,2012262
-121.52,46.113,2012262
-121.529,46.143,2012262
-121.537,46.121,2012262
-121.546,46.15,2012262
-121.542,46.09,2012262
-121.545,46.099,2012262
-121.585,46.134,2012262
-121.588,46.144,2012262
-118.475,45.827,2012263
-119.963,48.067,2012263
-119.961,48.006,2012263
-119.966,48.026,2012263
-119.975,48.004,2012263
-119.978,48.014,2012263
-119.981,48.024,2012263
-119.987,47.993,2012263
-119.99,48.002,2012263
-120.004,48.001,2012263
-120.016,48.04,2012263
-120.028,48.028,2012263
-120.03,48.038,2012263
-120.034,47.997,2012263
-120.036,48.007,2012263
-120.039,48.016,2012263
-120.042,48.026,2012263
-120.045,48.036,2012263
-120.051,48.005,2012263
-120.054,48.014,2012263
-120.068,48.012,2012263
-120.152,48.194,2012263
-120.155,48.204,2012263
-120.166,48.192,2012263
-120.178,48.181,2012263
-120.193,48.179,2012263
-120.199,48.147,2012263
-120.201,48.157,2012263
-120.204,48.167,2012263
-120.213,48.145,2012263
-120.216,48.155,2012263
-120.222,48.175,2012263
-120.236,48.173,2012263
-120.565,47.956,2012263
-120.568,47.966,2012263
-120.571,47.976,2012263
-120.58,47.954,2012263
-120.583,47.964,2012263
-120.594,47.952,2012263
-120.417,47.307,2012263
-120.432,47.305,2012263
-120.632,47.978,2012263
-120.635,47.987,2012263
-120.437,47.274,2012263
-120.44,47.283,2012263
-120.452,47.322,2012263
-120.644,47.966,2012263
-120.647,47.976,2012263
-120.452,47.272,2012263
-120.455,47.282,2012263
-120.457,47.291,2012263
-120.475,47.35,2012263
-120.478,47.36,2012263
-120.48,47.369,2012263
-120.658,47.964,2012263
-120.661,47.974,2012263
-120.466,47.27,2012263
-120.469,47.28,2012263
-120.472,47.289,2012263
-120.475,47.299,2012263
-120.478,47.309,2012263
-120.483,47.328,2012263
-120.492,47.358,2012263
-120.495,47.367,2012263
-120.466,47.219,2012263
-120.48,47.268,2012263
-120.483,47.278,2012263
-120.486,47.287,2012263
-120.489,47.297,2012263
-120.492,47.307,2012263
-120.495,47.317,2012263
-120.503,47.346,2012263
-120.506,47.356,2012263
-120.509,47.365,2012263
-120.529,47.434,2012263
-120.483,47.227,2012263
-120.486,47.237,2012263
-120.498,47.276,2012263
-120.5,47.285,2012263
-120.518,47.344,2012263
-120.544,47.432,2012263
-120.492,47.205,2012263
-120.495,47.215,2012263
-120.497,47.225,2012263
-120.503,47.244,2012263
-120.506,47.254,2012263
-120.509,47.264,2012263
-120.518,47.293,2012263
-120.521,47.303,2012263
-120.526,47.322,2012263
-120.535,47.352,2012263
-120.561,47.439,2012263
-120.57,47.469,2012263
-120.506,47.203,2012263
-120.509,47.213,2012263
-120.512,47.223,2012263
-120.518,47.242,2012263
-120.526,47.272,2012263
-120.529,47.281,2012263
-120.532,47.291,2012263
-120.549,47.35,2012263
-120.552,47.359,2012263
-120.731,47.954,2012263
-120.734,47.964,2012263
-120.523,47.211,2012263
-120.526,47.221,2012263
-120.529,47.231,2012263
-120.532,47.24,2012263
-120.535,47.25,2012263
-120.555,47.319,2012263
-120.564,47.348,2012263
-120.745,47.952,2012263
-120.748,47.962,2012263
-120.543,47.229,2012263
-120.616,47.473,2012263
-120.76,47.95,2012263
-120.763,47.96,2012263
-120.552,47.207,2012263
-120.555,47.217,2012263
-120.561,47.237,2012263
-120.777,47.958,2012263
-120.566,47.205,2012263
-120.569,47.215,2012263
-120.572,47.225,2012263
-120.581,47.254,2012263
-120.586,47.274,2012263
-120.589,47.283,2012263
-120.595,47.303,2012263
-120.61,47.352,2012263
-120.613,47.361,2012263
-120.58,47.203,2012263
-120.583,47.213,2012263
-120.586,47.223,2012263
-120.604,47.281,2012263
-120.612,47.311,2012263
-120.809,47.964,2012263
-120.595,47.201,2012263
-120.601,47.221,2012263
-120.627,47.309,2012263
-120.618,47.229,2012263
-120.624,47.248,2012263
-120.635,47.287,2012263
-120.958,48.349,2012263
-120.961,48.359,2012263
-120.629,47.217,2012263
-120.632,47.227,2012263
-120.635,47.236,2012263
-120.641,47.256,2012263
-120.647,47.275,2012263
-120.65,47.285,2012263
-120.973,48.347,2012263
-120.976,48.357,2012263
-120.979,48.367,2012263
-120.644,47.215,2012263
-120.646,47.225,2012263
-120.649,47.234,2012263
-120.652,47.244,2012263
-120.655,47.254,2012263
-120.661,47.273,2012263
-120.664,47.283,2012263
-120.985,48.335,2012263
-120.991,48.355,2012263
-120.658,47.213,2012263
-120.661,47.223,2012263
-120.664,47.232,2012263
-120.667,47.242,2012263
-120.669,47.252,2012263
-120.675,47.271,2012263
-120.678,47.281,2012263
-120.745,47.505,2012263
-120.672,47.211,2012263
-120.675,47.221,2012263
-120.684,47.199,2012263
-120.686,47.209,2012263
-120.689,47.219,2012263
-120.806,47.507,2012263
-120.824,47.566,2012263
-120.841,47.523,2012263
-120.844,47.532,2012263
-120.855,47.571,2012263
-120.957,47.903,2012263
-120.858,47.53,2012263
-120.971,47.901,2012263
-120.983,47.889,2012263
-120.986,47.899,2012263
-120.89,47.536,2012263
-120.893,47.546,2012263
-120.907,47.544,2012263
-120.921,47.542,2012263
-120.936,47.54,2012263
-121.052,47.625,2012263
-121.116,47.636,2012263
-121.119,47.646,2012263
-121.13,47.634,2012263
-121.133,47.644,2012263
-121.056,46.71,2012263
-121.469,46.09,2012263
-121.475,46.11,2012263
-121.494,46.077,2012263
-121.497,46.086,2012263
-121.509,46.125,2012263
-121.508,46.074,2012263
-121.511,46.084,2012263
-121.52,46.113,2012263
-121.522,46.072,2012263
-121.525,46.082,2012263
-121.537,46.121,2012263
-121.533,46.061,2012263
-121.539,46.08,2012263
-121.556,46.088,2012263
-121.57,46.086,2012263
-121.573,46.095,2012263
-121.584,46.083,2012263
-121.587,46.093,2012263
-121.59,46.103,2012263
-121.595,46.072,2012263
-121.598,46.081,2012263
-121.601,46.091,2012263
-121.604,46.101,2012263
-121.612,46.079,2012263
-121.615,46.089,2012263
-121.626,46.077,2012263
-121.629,46.087,2012263
-119.812,47.803,2012263
-119.943,47.998,2012263
-119.946,48.008,2012263
-119.949,48.018,2012263
-119.952,48.028,2012263
-119.955,48.037,2012263
-119.958,47.996,2012263
-119.964,48.016,2012263
-119.969,48.036,2012263
-119.973,47.995,2012263
-119.993,48.012,2012263
-119.996,48.022,2012263
-120.161,48.173,2012263
-120.172,48.161,2012263
-120.175,48.171,2012263
-120.187,48.159,2012263
-120.545,48.04,2012263
-120.539,47.97,2012263
-120.563,48.048,2012263
-120.574,48.036,2012263
-120.577,48.046,2012263
-120.193,46.688,2012263
-120.592,48.044,2012263
-120.397,47.34,2012263
-120.606,48.042,2012263
-120.409,47.328,2012263
-120.412,47.338,2012263
-120.423,47.326,2012263
-120.426,47.336,2012263
-120.429,47.346,2012263
-120.437,47.324,2012263
-120.44,47.334,2012263
-120.443,47.344,2012263
-120.455,47.332,2012263
-120.457,47.342,2012263
-120.469,47.229,2012263
-120.472,47.239,2012263
-120.532,47.443,2012263
-120.538,47.463,2012263
-120.541,47.473,2012263
-120.544,47.482,2012263
-120.48,47.217,2012263
-120.489,47.246,2012263
-120.492,47.256,2012263
-120.503,47.295,2012263
-120.506,47.305,2012263
-120.509,47.315,2012263
-120.512,47.324,2012263
-120.521,47.354,2012263
-120.524,47.363,2012263
-120.526,47.373,2012263
-120.541,47.422,2012263
-120.552,47.461,2012263
-120.555,47.471,2012263
-120.5,47.235,2012263
-120.515,47.283,2012263
-120.523,47.313,2012263
-120.538,47.361,2012263
-120.573,47.478,2012263
-120.719,47.966,2012263
-120.503,47.194,2012263
-120.515,47.233,2012263
-120.52,47.252,2012263
-120.523,47.262,2012263
-120.535,47.301,2012263
-120.541,47.32,2012263
-120.737,47.974,2012263
-120.517,47.192,2012263
-120.538,47.26,2012263
-120.541,47.27,2012263
-120.543,47.28,2012263
-120.549,47.299,2012263
-120.552,47.309,2012263
-120.751,47.972,2012263
-120.532,47.19,2012263
-120.535,47.2,2012263
-120.538,47.209,2012263
-120.54,47.219,2012263
-120.546,47.239,2012263
-120.549,47.248,2012263
-120.552,47.258,2012263
-120.555,47.268,2012263
-120.558,47.278,2012263
-120.561,47.287,2012263
-120.564,47.297,2012263
-120.546,47.188,2012263
-120.549,47.198,2012263
-120.558,47.227,2012263
-120.563,47.246,2012263
-120.566,47.256,2012263
-120.569,47.266,2012263
-120.572,47.276,2012263
-120.575,47.285,2012263
-120.578,47.295,2012263
-120.581,47.305,2012263
-120.563,47.196,2012263
-120.575,47.235,2012263
-120.578,47.244,2012263
-120.584,47.264,2012263
-120.592,47.293,2012263
-120.589,47.233,2012263
-120.592,47.242,2012263
-120.595,47.252,2012263
-120.601,47.272,2012263
-120.607,47.291,2012263
-120.603,47.231,2012263
-120.947,48.361,2012263
-120.621,47.238,2012263
-120.623,47.197,2012263
-120.626,47.207,2012263
-120.641,47.205,2012263
-120.988,48.345,2012263
-120.786,47.54,2012263
-120.893,47.891,2012263
-120.8,47.538,2012263
-120.803,47.548,2012263
-120.815,47.536,2012263
-120.818,47.546,2012263
-120.829,47.534,2012263
-120.832,47.544,2012263
-120.847,47.542,2012263
-121.012,47.641,2012263
-121.021,47.67,2012263
-121.041,47.637,2012263
-121.131,47.492,2012263
-121.134,47.502,2012263
-121.018,46.685,2012263
-121.337,46.903,2012263
-121.351,46.901,2012263
-121.368,46.909,2012263
-121.472,46.1,2012263
-121.487,46.149,2012263
-121.48,46.079,2012263
-121.483,46.088,2012263
-121.486,46.098,2012263
-121.489,46.108,2012263
-121.5,46.096,2012263
-121.503,46.106,2012263
-121.515,46.145,2012263
-121.514,46.094,2012263
-121.517,46.104,2012263
-121.528,46.092,2012263
-121.531,46.102,2012263
-121.54,46.131,2012263
-121.546,46.15,2012263
-121.548,46.109,2012263
-121.56,46.148,2012263
-121.565,46.117,2012263
-121.582,46.124,2012263
-119.946,48.008,2012264
-119.952,48.028,2012264
-119.955,48.037,2012264
-119.955,47.987,2012264
-119.958,47.996,2012264
-119.961,48.006,2012264
-119.964,48.016,2012264
-119.966,48.026,2012264
-119.969,48.036,2012264
-119.972,48.045,2012264
-119.973,47.995,2012264
-119.975,48.004,2012264
-119.978,48.014,2012264
-119.99,48.002,2012264
-120.016,48.04,2012264
-120.163,48.182,2012264
-120.557,47.978,2012264
-120.577,48.046,2012264
-120.568,47.966,2012264
-120.426,47.336,2012264
-120.432,47.356,2012264
-120.434,47.315,2012264
-120.44,47.334,2012264
-120.434,47.264,2012264
-120.437,47.274,2012264
-120.452,47.322,2012264
-120.455,47.332,2012264
-120.446,47.252,2012264
-120.449,47.262,2012264
-120.452,47.272,2012264
-120.452,47.221,2012264
-120.455,47.231,2012264
-120.457,47.241,2012264
-120.463,47.26,2012264
-120.466,47.27,2012264
-120.469,47.28,2012264
-120.463,47.209,2012264
-120.469,47.229,2012264
-120.475,47.248,2012264
-120.483,47.278,2012264
-120.503,47.346,2012264
-120.506,47.356,2012264
-120.532,47.443,2012264
-120.477,47.207,2012264
-120.48,47.217,2012264
-120.489,47.246,2012264
-120.5,47.285,2012264
-120.524,47.363,2012264
-120.541,47.422,2012264
-120.547,47.441,2012264
-120.55,47.451,2012264
-120.555,47.471,2012264
-120.558,47.48,2012264
-120.492,47.205,2012264
-120.509,47.264,2012264
-120.535,47.352,2012264
-120.538,47.361,2012264
-120.561,47.439,2012264
-120.564,47.449,2012264
-120.503,47.194,2012264
-120.506,47.203,2012264
-120.526,47.272,2012264
-120.549,47.35,2012264
-120.587,47.476,2012264
-120.734,47.964,2012264
-120.737,47.974,2012264
-120.52,47.201,2012264
-120.535,47.25,2012264
-120.543,47.28,2012264
-120.546,47.289,2012264
-120.751,47.972,2012264
-120.532,47.19,2012264
-120.535,47.2,2012264
-120.538,47.209,2012264
-120.543,47.229,2012264
-120.578,47.346,2012264
-120.552,47.207,2012264
-120.572,47.276,2012264
-120.575,47.285,2012264
-120.578,47.295,2012264
-120.575,47.235,2012264
-120.581,47.254,2012264
-120.592,47.293,2012264
-120.58,47.203,2012264
-120.589,47.233,2012264
-120.595,47.201,2012264
-120.612,47.209,2012264
-120.615,47.219,2012264
-120.626,47.207,2012264
-120.629,47.217,2012264
-120.632,47.227,2012264
-120.644,47.215,2012264
-121.005,48.353,2012264
-120.78,47.521,2012264
-120.789,47.55,2012264
-120.803,47.548,2012264
-120.916,47.918,2012264
-120.832,47.544,2012264
-120.85,47.603,2012264
-120.841,47.523,2012264
-120.844,47.532,2012264
-121.032,47.658,2012264
-121.385,46.917,2012264
-121.466,46.935,2012264
-121.486,46.098,2012264
-121.501,46.147,2012264
-121.497,46.086,2012264
-121.514,46.094,2012264
-121.529,46.143,2012264
-121.684,46.547,2012264
-121.568,46.127,2012264
-121.56,46.148,2012265
-121.566,46.168,2012265
-120.478,47.309,2012265
-120.555,47.319,2012265
-120.601,47.272,2012265
-117.327,45.537,2012265
-117.329,45.547,2012265
-117.341,45.536,2012265
-117.343,45.545,2012265
-119.937,48.03,2012265
-119.941,47.989,2012265
-119.943,47.998,2012265
-119.946,48.008,2012265
-119.949,48.018,2012265
-119.952,48.028,2012265
-119.955,48.037,2012265
-119.958,47.996,2012265
-119.961,48.006,2012265
-119.964,48.016,2012265
-119.973,47.995,2012265
-119.975,48.004,2012265
-119.987,47.993,2012265
-119.99,48.002,2012265
-119.996,47.971,2012265
-120.002,47.991,2012265
-120.004,48.001,2012265
-120.007,48.01,2012265
-120.013,47.979,2012265
-120.022,48.008,2012265
-120.187,48.159,2012265
-120.548,48.05,2012265
-120.551,48.06,2012265
-120.542,47.98,2012265
-120.563,48.048,2012265
-120.554,47.968,2012265
-120.577,48.046,2012265
-120.586,48.025,2012265
-120.592,48.044,2012265
-120.583,47.964,2012265
-120.6,48.023,2012265
-120.406,47.319,2012265
-120.594,47.952,2012265
-120.406,47.268,2012265
-120.423,47.326,2012265
-120.609,47.95,2012265
-120.42,47.266,2012265
-120.434,47.315,2012265
-120.437,47.324,2012265
-120.432,47.254,2012265
-120.434,47.264,2012265
-120.446,47.303,2012265
-120.449,47.313,2012265
-120.452,47.322,2012265
-120.443,47.242,2012265
-120.446,47.252,2012265
-120.449,47.262,2012265
-120.452,47.272,2012265
-120.46,47.301,2012265
-120.463,47.311,2012265
-120.469,47.33,2012265
-120.457,47.241,2012265
-120.46,47.25,2012265
-120.463,47.26,2012265
-120.466,47.27,2012265
-120.469,47.28,2012265
-120.503,47.346,2012265
-120.506,47.356,2012265
-120.535,47.453,2012265
-120.538,47.463,2012265
-120.48,47.217,2012265
-120.486,47.237,2012265
-120.489,47.246,2012265
-120.518,47.344,2012265
-120.521,47.354,2012265
-120.547,47.441,2012265
-120.55,47.451,2012265
-120.552,47.461,2012265
-120.555,47.471,2012265
-120.489,47.196,2012265
-120.523,47.313,2012265
-120.526,47.322,2012265
-120.535,47.352,2012265
-120.564,47.449,2012265
-120.719,47.966,2012265
-120.497,47.174,2012265
-120.538,47.311,2012265
-120.552,47.359,2012265
-120.575,47.437,2012265
-120.731,47.954,2012265
-120.734,47.964,2012265
-120.737,47.974,2012265
-120.517,47.192,2012265
-120.546,47.289,2012265
-120.748,47.962,2012265
-120.751,47.972,2012265
-120.535,47.2,2012265
-120.76,47.95,2012265
-120.543,47.178,2012265
-120.569,47.266,2012265
-120.586,47.274,2012265
-120.592,47.293,2012265
-120.58,47.203,2012265
-120.583,47.213,2012265
-120.595,47.252,2012265
-120.598,47.262,2012265
-120.604,47.281,2012265
-120.595,47.201,2012265
-120.958,48.349,2012265
-120.629,47.217,2012265
-120.632,47.227,2012265
-120.973,48.347,2012265
-120.649,47.184,2012265
-120.893,47.891,2012265
-120.8,47.538,2012265
-120.803,47.548,2012265
-120.907,47.889,2012265
-120.806,47.507,2012265
-120.809,47.517,2012265
-120.812,47.527,2012265
-120.818,47.546,2012265
-120.827,47.575,2012265
-120.826,47.525,2012265
-120.829,47.534,2012265
-120.832,47.544,2012265
-120.841,47.523,2012265
-120.844,47.532,2012265
-120.849,47.501,2012265
-120.855,47.521,2012265
-120.866,47.509,2012265
-121.041,47.637,2012265
-121.227,47.173,2012265
-121.314,46.927,2012265
-121.326,46.915,2012265
-121.354,46.911,2012265
-121.484,46.139,2012265
-121.487,46.149,2012265
-121.493,46.168,2012265
-121.489,46.108,2012265
-121.625,46.545,2012265
-121.524,46.174,2012265
-121.538,46.172,2012265
-121.541,46.181,2012265
-121.544,46.191,2012265
-121.547,46.201,2012265
-121.528,46.092,2012265
-121.531,46.102,2012265
-121.534,46.111,2012265
-121.546,46.15,2012265
-121.549,46.16,2012265
-121.555,46.179,2012265
-121.558,46.189,2012265
-121.561,46.199,2012265
-121.545,46.099,2012265
-121.569,46.177,2012265
-121.572,46.187,2012265
-121.575,46.197,2012265
-121.578,46.206,2012265
-121.581,46.216,2012265
-121.556,46.088,2012265
-121.58,46.165,2012265
-121.583,46.175,2012265
-121.586,46.185,2012265
-121.589,46.195,2012265
-121.567,46.076,2012265
-121.576,46.105,2012265
-121.6,46.183,2012265
-121.603,46.193,2012265
-119.943,47.998,2012266
-119.975,48.004,2012266
-120.414,47.246,2012266
-120.434,47.315,2012266
-120.446,47.252,2012266
-120.475,47.35,2012266
-120.489,47.348,2012266
-120.535,47.301,2012266
-120.549,47.299,2012266
-120.595,47.303,2012266
-120.609,47.301,2012266
-120.795,47.57,2012266
-120.803,47.497,2012266
-120.806,47.507,2012266
-120.827,47.575,2012266
-120.849,47.501,2012266
-121.016,48.047,2012266
-121.547,46.201,2012266
-121.564,46.209,2012266
-121.575,46.197,2012266
-121.578,46.206,2012266
-119.958,48.047,2012266
-119.972,48.045,2012266
-119.987,48.043,2012266
-120.001,48.042,2012266
-120.163,48.182,2012266
-120.56,48.038,2012266
-120.571,47.976,2012266
-120.586,48.025,2012266
-120.589,48.034,2012266
-120.592,48.044,2012266
-120.603,48.032,2012266
-120.42,47.367,2012266
-120.423,47.326,2012266
-120.426,47.336,2012266
-120.432,47.356,2012266
-120.435,47.365,2012266
-120.635,48.038,2012266
-120.437,47.324,2012266
-120.437,47.274,2012266
-120.449,47.313,2012266
-120.452,47.322,2012266
-120.455,47.332,2012266
-120.452,47.272,2012266
-120.455,47.282,2012266
-120.463,47.311,2012266
-120.469,47.33,2012266
-120.46,47.25,2012266
-120.463,47.26,2012266
-120.466,47.27,2012266
-120.478,47.309,2012266
-120.477,47.258,2012266
-120.492,47.307,2012266
-120.498,47.326,2012266
-120.509,47.365,2012266
-120.535,47.453,2012266
-120.472,47.188,2012266
-120.492,47.256,2012266
-120.509,47.315,2012266
-120.524,47.363,2012266
-120.55,47.451,2012266
-120.552,47.461,2012266
-120.523,47.313,2012266
-120.526,47.322,2012266
-120.535,47.352,2012266
-120.558,47.43,2012266
-120.561,47.439,2012266
-120.564,47.449,2012266
-120.549,47.35,2012266
-120.573,47.428,2012266
-120.575,47.437,2012266
-120.734,47.964,2012266
-120.517,47.192,2012266
-120.745,47.952,2012266
-120.751,47.972,2012266
-120.526,47.17,2012266
-120.532,47.19,2012266
-120.564,47.297,2012266
-120.566,47.307,2012266
-120.572,47.326,2012266
-120.575,47.336,2012266
-120.757,47.94,2012266
-120.54,47.168,2012266
-120.543,47.178,2012266
-120.581,47.305,2012266
-120.774,47.948,2012266
-120.777,47.958,2012266
-120.558,47.176,2012266
-120.586,47.274,2012266
-120.598,47.262,2012266
-120.604,47.281,2012266
-120.618,47.279,2012266
-120.624,47.248,2012266
-120.626,47.258,2012266
-120.97,48.337,2012266
-120.641,47.205,2012266
-120.988,48.345,2012266
-120.655,47.203,2012266
-120.658,47.213,2012266
-120.663,47.182,2012266
-120.907,47.889,2012266
-121.514,46.094,2012266
-121.549,46.16,2012266
-123.816,48.633,2012266
-123.827,48.621,2012266
-120.034,47.997,2012267
-120.031,47.987,2012267
-119.984,47.983,2012267
-119.958,47.996,2012267
-119.941,47.989,2012267
-119.97,47.985,2012267
-120.901,47.524,2012267
-120.872,47.528,2012267
-120.884,47.517,2012267
-120.855,47.521,2012267
-120.841,47.523,2012267
-120.815,47.536,2012267
-120.783,47.531,2012267
-121.728,46.123,2012267
-121.697,46.117,2012267
-121.669,46.122,2012267
-121.644,46.136,2012267
-121.616,46.14,2012267
-121.588,46.144,2012267
-121.577,46.156,2012267
-121.521,46.164,2012267
-121.585,46.134,2012267
-121.572,46.187,2012267
-121.597,46.173,2012267
-121.544,46.191,2012267
-119.955,48.037,2012267
-119.958,48.047,2012267
-119.969,48.036,2012267
-119.999,47.981,2012267
-120.002,47.991,2012267
-120.011,47.969,2012267
-120.013,47.979,2012267
-120.016,47.989,2012267
-120.019,47.999,2012267
-120.025,47.967,2012267
-120.042,47.975,2012267
-120.158,48.163,2012267
-120.47,48.142,2012267
-120.484,48.14,2012267
-120.478,48.07,2012267
-120.571,47.976,2012267
-120.606,48.042,2012267
-120.624,48.05,2012267
-120.44,47.283,2012267
-120.46,47.301,2012267
-120.478,47.309,2012267
-120.477,47.258,2012267
-120.483,47.278,2012267
-120.506,47.305,2012267
-120.515,47.334,2012267
-120.515,47.283,2012267
-120.564,47.449,2012267
-120.567,47.459,2012267
-120.538,47.311,2012267
-120.544,47.33,2012267
-120.517,47.192,2012267
-120.564,47.348,2012267
-120.532,47.19,2012267
-120.561,47.287,2012267
-120.569,47.317,2012267
-120.572,47.326,2012267
-120.546,47.188,2012267
-120.578,47.295,2012267
-120.581,47.305,2012267
-120.584,47.315,2012267
-120.783,47.977,2012267
-120.584,47.264,2012267
-120.598,47.313,2012267
-120.604,47.332,2012267
-120.604,47.281,2012267
-120.607,47.291,2012267
-120.609,47.25,2012267
-120.621,47.238,2012267
-120.626,47.207,2012267
-120.635,47.236,2012267
-120.638,47.246,2012267
-120.644,47.266,2012267
-120.985,48.335,2012267
-120.658,47.213,2012267
-120.8,47.538,2012267
-120.809,47.517,2012267
-120.928,47.907,2012267
-120.829,47.534,2012267
-120.887,47.526,2012267
-121.543,46.14,2012267
-121.546,46.15,2012267
-121.548,46.109,2012267
-121.551,46.119,2012267
-121.562,46.107,2012267
-121.571,46.136,2012267
-121.574,46.146,2012267
-121.591,46.154,2012267
-121.602,46.142,2012267
-121.605,46.152,2012267
-121.613,46.13,2012267
-123.823,48.612,2012267
-119.958,48.047,2012268
-119.96,48.057,2012268
-119.975,48.055,2012268
-119.987,47.993,2012268
-120.002,47.991,2012268
-120.016,47.989,2012268
-120.175,48.171,2012268
-120.178,48.181,2012268
-120.19,48.169,2012268
-120.44,47.334,2012268
-120.455,47.332,2012268
-120.469,47.33,2012268
-120.495,47.317,2012268
-120.506,47.356,2012268
-120.541,47.32,2012268
-120.544,47.33,2012268
-120.549,47.35,2012268
-120.552,47.309,2012268
-120.751,47.972,2012268
-120.595,47.303,2012268
-120.609,47.301,2012268
-118.513,45.862,2012268
-118.515,45.872,2012268
-119.952,48.028,2012268
-119.955,47.987,2012268
-119.966,48.026,2012268
-119.969,48.036,2012268
-119.972,48.045,2012268
-119.967,47.975,2012268
-119.97,47.985,2012268
-119.973,47.995,2012268
-119.975,48.004,2012268
-119.978,48.014,2012268
-119.984,48.034,2012268
-119.981,47.973,2012268
-119.984,47.983,2012268
-119.998,48.032,2012268
-119.996,47.971,2012268
-119.999,47.981,2012268
-120.011,47.969,2012268
-120.013,47.979,2012268
-120.172,48.161,2012268
-120.204,48.167,2012268
-120.574,48.036,2012268
-120.577,48.046,2012268
-120.589,48.034,2012268
-120.592,48.044,2012268
-120.6,48.023,2012268
-120.403,47.309,2012268
-120.423,47.326,2012268
-120.423,47.276,2012268
-120.429,47.295,2012268
-120.432,47.305,2012268
-120.434,47.315,2012268
-120.437,47.324,2012268
-120.44,47.283,2012268
-120.446,47.303,2012268
-120.449,47.313,2012268
-120.452,47.272,2012268
-120.455,47.282,2012268
-120.46,47.301,2012268
-120.489,47.348,2012268
-120.492,47.307,2012268
-120.503,47.346,2012268
-120.518,47.344,2012268
-120.521,47.354,2012268
-120.547,47.441,2012268
-120.518,47.293,2012268
-120.521,47.303,2012268
-120.523,47.313,2012268
-120.526,47.322,2012268
-120.529,47.332,2012268
-120.532,47.342,2012268
-120.535,47.352,2012268
-120.538,47.361,2012268
-120.5,47.184,2012268
-120.535,47.301,2012268
-120.546,47.34,2012268
-120.731,47.954,2012268
-120.517,47.192,2012268
-120.561,47.338,2012268
-120.564,47.348,2012268
-120.567,47.358,2012268
-120.745,47.952,2012268
-120.564,47.297,2012268
-120.569,47.317,2012268
-120.76,47.95,2012268
-120.552,47.207,2012268
-120.575,47.285,2012268
-120.578,47.295,2012268
-120.581,47.305,2012268
-120.584,47.315,2012268
-120.587,47.324,2012268
-120.566,47.205,2012268
-120.584,47.264,2012268
-120.592,47.293,2012268
-120.598,47.313,2012268
-120.575,47.184,2012268
-120.578,47.194,2012268
-120.601,47.272,2012268
-120.604,47.281,2012268
-120.612,47.26,2012268
-120.95,48.371,2012268
-120.609,47.199,2012268
-120.626,47.207,2012268
-120.629,47.217,2012268
-120.973,48.347,2012268
-120.638,47.195,2012268
-120.641,47.205,2012268
-120.646,47.225,2012268
-120.985,48.335,2012268
-120.988,48.345,2012268
-120.655,47.203,2012268
-120.999,48.333,2012268
-121.002,48.343,2012268
-121.005,48.353,2012268
-120.769,47.533,2012268
-121.014,48.331,2012268
-120.783,47.531,2012268
-120.789,47.55,2012268
-120.792,47.56,2012268
-120.8,47.538,2012268
-120.803,47.548,2012268
-120.809,47.517,2012268
-120.812,47.527,2012268
-120.815,47.536,2012268
-120.933,47.875,2012268
-120.838,47.513,2012268
-120.841,47.523,2012268
-120.852,47.562,2012268
-120.858,47.53,2012268
-120.863,47.499,2012268
-120.866,47.509,2012268
-121.541,46.181,2012268
-121.545,46.099,2012268
-121.563,46.158,2012268
-121.572,46.187,2012268
-121.562,46.107,2012268
-121.571,46.136,2012268
-121.577,46.156,2012268
-121.58,46.165,2012268
-121.586,46.185,2012268
-121.576,46.105,2012268
-121.582,46.124,2012268
-121.585,46.134,2012268
-121.591,46.154,2012268
-121.59,46.103,2012268
-121.596,46.122,2012268
-118.513,45.862,2012269
-119.946,48.059,2012269
-119.955,48.037,2012269
-119.958,48.047,2012269
-119.96,48.057,2012269
-119.963,48.067,2012269
-119.975,48.055,2012269
-119.978,48.065,2012269
-119.987,48.043,2012269
-119.99,48.053,2012269
-119.992,48.063,2012269
-119.99,48.002,2012269
-120.002,47.991,2012269
-120.175,48.171,2012269
-120.181,48.19,2012269
-120.193,48.179,2012269
-120.195,48.188,2012269
-120.249,47.806,2012269
-120.336,48.048,2012269
-120.557,48.029,2012269
-120.56,48.038,2012269
-120.563,48.048,2012269
-120.574,48.036,2012269
-120.577,48.046,2012269
-120.592,48.044,2012269
-120.595,48.054,2012269
-120.423,47.326,2012269
-120.426,47.285,2012269
-120.443,47.344,2012269
-120.44,47.283,2012269
-120.446,47.303,2012269
-120.452,47.322,2012269
-120.457,47.342,2012269
-120.455,47.282,2012269
-120.46,47.301,2012269
-120.483,47.379,2012269
-120.501,47.336,2012269
-120.512,47.375,2012269
-120.535,47.453,2012269
-120.538,47.463,2012269
-120.518,47.344,2012269
-120.521,47.354,2012269
-120.526,47.322,2012269
-120.547,47.391,2012269
-120.503,47.194,2012269
-120.506,47.203,2012269
-120.541,47.32,2012269
-120.544,47.33,2012269
-120.546,47.34,2012269
-120.549,47.35,2012269
-120.552,47.359,2012269
-120.734,47.964,2012269
-120.555,47.319,2012269
-120.558,47.328,2012269
-120.561,47.338,2012269
-120.564,47.348,2012269
-120.567,47.358,2012269
-120.572,47.326,2012269
-120.575,47.336,2012269
-120.584,47.315,2012269
-120.587,47.324,2012269
-120.589,47.334,2012269
-120.592,47.344,2012269
-120.583,47.213,2012269
-120.612,47.26,2012269
-120.629,47.217,2012269
-120.641,47.205,2012269
-120.644,47.215,2012269
-120.646,47.225,2012269
-120.649,47.234,2012269
-120.988,48.345,2012269
-120.991,48.355,2012269
-120.661,47.223,2012269
-120.664,47.232,2012269
-121.008,48.363,2012269
-120.778,47.562,2012269
-120.789,47.55,2012269
-120.792,47.56,2012269
-120.803,47.548,2012269
-120.806,47.558,2012269
-120.815,47.536,2012269
-120.922,47.887,2012269
-120.823,47.515,2012269
-120.826,47.525,2012269
-120.832,47.544,2012269
-120.841,47.523,2012269
-120.844,47.532,2012269
-121.541,46.181,2012269
-121.546,46.15,2012269
-121.549,46.16,2012269
-121.552,46.17,2012269
-121.564,46.209,2012269
-121.548,46.109,2012269
-121.551,46.119,2012269
-121.56,46.148,2012269
-121.563,46.158,2012269
-121.566,46.168,2012269
-121.569,46.177,2012269
-121.578,46.206,2012269
-121.584,46.226,2012269
-121.565,46.117,2012269
-121.568,46.127,2012269
-121.574,46.146,2012269
-121.577,46.156,2012269
-121.58,46.165,2012269
-121.583,46.175,2012269
-121.586,46.185,2012269
-121.585,46.134,2012269
-121.588,46.144,2012269
-121.594,46.163,2012269
-121.597,46.173,2012269
-122.178,46.248,2012269
-120.789,47.55,2012270
-120.803,47.548,2012270
-121.597,46.173,2012270
-120.033,48.047,2012270
-121.475,45.683,2012270
-119.96,48.057,2012270
-119.973,47.995,2012270
-120.155,48.204,2012270
-120.163,48.182,2012270
-120.178,48.181,2012270
-120.181,48.19,2012270
-120.184,48.2,2012270
-120.193,48.179,2012270
-119.685,45.541,2012270
-120.56,48.038,2012270
-120.563,48.048,2012270
-120.566,48.058,2012270
-120.568,48.068,2012270
-120.574,48.036,2012270
-120.577,48.046,2012270
-120.58,48.056,2012270
-120.592,48.044,2012270
-120.595,48.054,2012270
-120.598,48.064,2012270
-120.606,48.042,2012270
-120.409,47.328,2012270
-120.412,47.338,2012270
-120.414,47.297,2012270
-120.423,47.326,2012270
-120.426,47.336,2012270
-120.429,47.295,2012270
-120.44,47.334,2012270
-120.446,47.354,2012270
-120.443,47.293,2012270
-120.455,47.332,2012270
-120.457,47.342,2012270
-120.46,47.352,2012270
-120.452,47.272,2012270
-120.455,47.282,2012270
-120.457,47.291,2012270
-120.466,47.321,2012270
-120.466,47.27,2012270
-120.469,47.28,2012270
-120.472,47.289,2012270
-120.483,47.328,2012270
-120.492,47.358,2012270
-120.495,47.367,2012270
-120.501,47.336,2012270
-120.503,47.346,2012270
-120.506,47.356,2012270
-120.509,47.365,2012270
-120.535,47.453,2012270
-120.518,47.344,2012270
-120.524,47.363,2012270
-120.526,47.373,2012270
-120.529,47.383,2012270
-120.489,47.196,2012270
-120.538,47.361,2012270
-120.541,47.371,2012270
-120.544,47.381,2012270
-120.503,47.194,2012270
-120.506,47.203,2012270
-120.544,47.33,2012270
-120.546,47.34,2012270
-120.555,47.369,2012270
-120.734,47.964,2012270
-120.737,47.974,2012270
-120.515,47.182,2012270
-120.517,47.192,2012270
-120.558,47.328,2012270
-120.561,47.338,2012270
-120.567,47.358,2012270
-120.754,47.981,2012270
-120.569,47.317,2012270
-120.572,47.326,2012270
-120.575,47.336,2012270
-120.584,47.315,2012270
-120.587,47.324,2012270
-120.595,47.303,2012270
-120.598,47.313,2012270
-120.609,47.301,2012270
-120.615,47.32,2012270
-120.609,47.25,2012270
-120.624,47.299,2012270
-120.973,48.347,2012270
-120.976,48.357,2012270
-120.991,48.355,2012270
-120.994,48.365,2012270
-120.997,48.374,2012270
-121.002,48.343,2012270
-121.008,48.363,2012270
-120.792,47.56,2012270
-120.815,47.536,2012270
-120.818,47.546,2012270
-120.826,47.525,2012270
-120.829,47.534,2012270
-120.832,47.544,2012270
-120.838,47.513,2012270
-120.841,47.523,2012270
-120.844,47.532,2012270
-120.847,47.542,2012270
-120.858,47.53,2012270
-121.552,46.17,2012270
-121.565,46.117,2012270
-121.447,45.687,2012270
-123.066,47.261,2012270
-117.273,46.188,2012271
-120.175,48.171,2012271
-120.187,48.159,2012271
-120.19,48.169,2012271
-120.56,48.038,2012271
-120.571,48.027,2012271
-120.574,48.036,2012271
-120.577,48.046,2012271
-120.586,48.025,2012271
-120.589,48.034,2012271
-120.592,48.044,2012271
-120.595,48.054,2012271
-120.606,48.042,2012271
-120.42,47.317,2012271
-120.423,47.326,2012271
-120.434,47.315,2012271
-120.44,47.334,2012271
-120.44,47.283,2012271
-120.449,47.313,2012271
-120.455,47.332,2012271
-120.452,47.272,2012271
-120.455,47.282,2012271
-120.457,47.291,2012271
-120.466,47.27,2012271
-120.489,47.348,2012271
-120.475,47.248,2012271
-120.503,47.346,2012271
-120.515,47.334,2012271
-120.521,47.354,2012271
-120.526,47.322,2012271
-120.529,47.332,2012271
-120.535,47.352,2012271
-120.5,47.184,2012271
-120.546,47.34,2012271
-120.512,47.172,2012271
-120.555,47.319,2012271
-120.558,47.328,2012271
-120.561,47.338,2012271
-120.567,47.358,2012271
-120.754,47.981,2012271
-120.575,47.336,2012271
-120.76,47.95,2012271
-120.769,47.979,2012271
-120.581,47.305,2012271
-120.584,47.315,2012271
-120.771,47.938,2012271
-120.601,47.272,2012271
-120.609,47.301,2012271
-120.592,47.192,2012271
-120.606,47.24,2012271
-120.624,47.299,2012271
-120.632,47.227,2012271
-120.97,48.337,2012271
-120.644,47.215,2012271
-120.652,47.244,2012271
-120.991,48.355,2012271
-121.002,48.343,2012271
-120.786,47.54,2012271
-120.794,47.519,2012271
-120.823,47.515,2012271
-120.826,47.525,2012271
-120.829,47.534,2012271
-120.841,47.523,2012271
-120.844,47.532,2012271
-120.866,47.509,2012271
-121.263,45.653,2012271
-121.28,45.661,2012271
-121.301,45.729,2012271
-121.534,46.111,2012271
-121.543,46.14,2012271
-121.554,46.129,2012271
-121.565,46.117,2012271
-121.568,46.127,2012271
-121.579,46.115,2012271
-121.582,46.124,2012271
-120.542,48.031,2012272
-120.557,48.029,2012272
-120.6,48.023,2012272
-120.603,48.032,2012272
-120.423,47.326,2012272
-120.455,47.332,2012272
-120.455,47.282,2012272
-120.472,47.34,2012272
-120.478,47.36,2012272
-120.489,47.348,2012272
-120.501,47.336,2012272
-120.518,47.344,2012272
-120.521,47.354,2012272
-120.486,47.186,2012272
-120.529,47.332,2012272
-120.532,47.342,2012272
-120.535,47.352,2012272
-120.5,47.184,2012272
-120.549,47.35,2012272
-120.555,47.319,2012272
-120.558,47.328,2012272
-120.572,47.326,2012272
-120.575,47.336,2012272
-120.587,47.324,2012272
-120.598,47.262,2012272
-120.601,47.272,2012272
-120.607,47.291,2012272
-120.609,47.301,2012272
-120.612,47.311,2012272
-120.618,47.279,2012272
-120.621,47.289,2012272
-120.641,47.205,2012272
-120.644,47.215,2012272
-120.672,47.211,2012272
-120.832,47.544,2012272
-120.838,47.513,2012272
-120.847,47.542,2012272
-120.852,47.511,2012272
-120.884,47.517,2012272
-120.887,47.526,2012272
-121.591,46.154,2012272
-122.647,47.041,2012272
-122.658,47.03,2012272
-122.672,47.027,2012272
-120.581,47.305,2012273
-120.595,47.252,2012273
-120.609,47.301,2012273
-120.618,47.33,2012273
-120.612,47.26,2012273
-120.621,47.289,2012273
-120.635,47.338,2012273
-120.644,47.316,2012273
-120.647,47.326,2012273
-120.698,47.197,2012273
-120.712,47.195,2012273
-120.726,47.193,2012273
-120.729,47.203,2012273
-120.574,48.036,2012273
-120.589,48.034,2012273
-120.515,47.334,2012273
-120.518,47.344,2012273
-120.572,47.326,2012273
-120.632,47.227,2012273
-120.638,47.246,2012273
-120.855,47.521,2012273
-120.463,47.361,2012274
-120.466,47.321,2012274
-120.475,47.35,2012274
-120.478,47.36,2012274
-120.486,47.338,2012274
-120.501,47.336,2012274
-120.503,47.346,2012274
-120.592,47.293,2012274
-120.595,47.303,2012274
-120.598,47.262,2012274
-120.601,47.272,2012274
-120.609,47.301,2012274
-120.609,47.25,2012274
-120.612,47.26,2012274
-120.624,47.299,2012274
-120.629,47.268,2012274
-120.632,47.277,2012274
-120.635,47.287,2012274
-121.569,46.177,2012274
-120.563,48.048,2012274
-120.568,48.017,2012274
-120.586,48.025,2012274
-120.589,48.034,2012274
-120.618,48.03,2012274
-120.434,47.315,2012274
-120.437,47.324,2012274
-120.44,47.283,2012274
-120.449,47.313,2012274
-120.457,47.342,2012274
-120.463,47.311,2012274
-120.498,47.326,2012274
-120.515,47.334,2012274
-120.518,47.344,2012274
-120.555,47.319,2012274
-120.766,47.97,2012274
-120.891,48.379,2012274
-120.921,48.375,2012274
-120.595,47.252,2012274
-120.604,47.281,2012274
-120.935,48.373,2012274
-120.944,48.351,2012274
-120.947,48.361,2012274
-120.968,48.429,2012274
-120.618,47.229,2012274
-120.979,48.367,2012274
-120.985,48.335,2012274
-120.867,47.905,2012274
-120.861,47.54,2012274
-121.549,46.16,2012274
-121.561,46.199,2012274
-121.563,46.158,2012274
-121.566,46.168,2012274
-121.577,46.156,2012274
-121.58,46.165,2012274
-121.586,46.185,2012274
-121.591,46.154,2012274
-121.594,46.163,2012274
-121.597,46.173,2012274
-121.6,46.183,2012274
-121.605,46.152,2012274
-121.608,46.161,2012274
-121.611,46.171,2012274
-121.614,46.181,2012274
-120.574,48.036,2012275
-120.577,48.046,2012275
-120.595,48.054,2012275
-120.417,47.307,2012275
-120.42,47.317,2012275
-120.426,47.285,2012275
-120.432,47.305,2012275
-120.455,47.332,2012275
-120.46,47.301,2012275
-120.469,47.33,2012275
-120.501,47.336,2012275
-120.503,47.346,2012275
-120.506,47.356,2012275
-120.538,47.361,2012275
-120.558,47.328,2012275
-120.561,47.338,2012275
-120.754,47.981,2012275
-120.874,48.371,2012275
-120.589,47.283,2012275
-120.604,47.332,2012275
-120.921,48.375,2012275
-120.589,47.233,2012275
-120.592,47.242,2012275
-120.595,47.252,2012275
-120.598,47.262,2012275
-120.601,47.272,2012275
-120.604,47.281,2012275
-120.607,47.291,2012275
-120.609,47.301,2012275
-120.624,47.35,2012275
-120.932,48.363,2012275
-120.609,47.25,2012275
-120.615,47.27,2012275
-120.624,47.299,2012275
-120.944,48.351,2012275
-120.947,48.361,2012275
-120.621,47.238,2012275
-120.624,47.248,2012275
-120.626,47.258,2012275
-120.629,47.268,2012275
-120.632,47.277,2012275
-120.635,47.287,2012275
-120.638,47.297,2012275
-120.958,48.349,2012275
-120.961,48.359,2012275
-120.641,47.256,2012275
-120.973,48.347,2012275
-120.979,48.367,2012275
-120.896,47.901,2012275
-120.91,47.899,2012275
-120.844,47.532,2012275
-120.858,47.53,2012275
-121.586,46.185,2012275
-121.594,46.163,2012275
-121.597,46.173,2012275
-121.6,46.183,2012275
